date,region,product,channel,sales,orders,cost,profit
2026-01-01,华东,A型设备,线上,1215,12,778.58,436.42
2026-01-01,华东,B型设备,代理商,1177,7,672.83,504.17
2026-01-01,华东,C型设备,线上,1259,8,754.62,504.38
2026-01-01,华南,A型设备,线上,1412,10,799.29,612.71
2026-01-01,华南,B型设备,代理商,1562,11,880.34,681.66
2026-01-01,华南,C型设备,代理商,1433,13,996.0,437.0
2026-01-01,华北,A型设备,线上,1361,8,931.84,429.16
2026-01-01,华北,B型设备,线上,1533,18,1039.42,493.58
2026-01-01,华北,C型设备,线上,1658,12,966.91,691.09
2026-01-01,西南,A型设备,代理商,1762,14,1196.15,565.85
2026-01-01,西南,B型设备,代理商,1652,17,1129.58,522.42
2026-01-01,西南,C型设备,代理商,1746,13,999.43,746.57
2026-01-02,华东,A型设备,线上,1208,7,680.96,527.04
2026-01-02,华东,B型设备,线下,1520,10,985.49,534.51
2026-01-02,华东,C型设备,线下,1594,10,1215.25,378.75
2026-01-02,华南,A型设备,代理商,1469,13,1076.35,392.65
2026-01-02,华南,B型设备,代理商,1530,17,1043.64,486.36
2026-01-02,华南,C型设备,线下,1749,14,1255.38,493.62
2026-01-02,华北,A型设备,线下,1767,19,1019.83,747.17
2026-01-02,华北,B型设备,线下,1630,13,953.48,676.52
2026-01-02,华北,C型设备,线上,1851,21,1427.61,423.39
2026-01-02,西南,A型设备,线下,1881,12,1375.94,505.06
2026-01-02,西南,B型设备,代理商,1860,15,1277.27,582.73
2026-01-02,西南,C型设备,线下,2009,22,1493.07,515.93
2026-01-03,华东,A型设备,代理商,1424,16,803.07,620.93
2026-01-03,华东,B型设备,线下,1430,9,1113.13,316.87
2026-01-03,华东,C型设备,线下,1507,11,1136.31,370.69
2026-01-03,华南,A型设备,代理商,1333,9,842.13,490.87
2026-01-03,华南,B型设备,线下,1471,10,829.0,642.0
2026-01-03,华南,C型设备,线下,1568,14,1005.9,562.1
2026-01-03,华北,A型设备,代理商,1503,14,981.93,521.07
2026-01-03,华北,B型设备,代理商,1694,17,1250.91,443.09
2026-01-03,华北,C型设备,代理商,1784,13,1385.97,398.03
2026-01-03,西南,A型设备,线上,1796,16,1050.14,745.86
2026-01-03,西南,B型设备,线上,1769,16,1240.88,528.12
2026-01-03,西南,C型设备,线下,2030,13,1201.64,828.36
2026-01-04,华东,A型设备,线下,1070,10,691.6,378.4
2026-01-04,华东,B型设备,线上,1470,9,916.22,553.78
2026-01-04,华东,C型设备,代理商,1511,9,1058.67,452.33
2026-01-04,华南,A型设备,代理商,1235,8,934.76,300.24
2026-01-04,华南,B型设备,线下,1584,12,1016.22,567.78
2026-01-04,华南,C型设备,线上,1441,10,1002.77,438.23
2026-01-04,华北,A型设备,线下,1445,16,1122.0,323.0
2026-01-04,华北,B型设备,线上,1521,16,955.51,565.49
2026-01-04,华北,C型设备,代理商,1580,19,1074.97,505.03
2026-01-04,西南,A型设备,线上,1539,12,1063.69,475.31
2026-01-04,西南,B型设备,代理商,1684,10,1071.92,612.08
2026-01-04,西南,C型设备,线下,1797,14,1237.28,559.72
2026-01-05,华东,A型设备,线下,1136,12,846.61,289.39
2026-01-05,华东,B型设备,线上,1409,9,876.01,532.99
2026-01-05,华东,C型设备,线下,1306,10,940.69,365.31
2026-01-05,华南,A型设备,代理商,1296,8,719.68,576.32
2026-01-05,华南,B型设备,线上,1489,15,1055.28,433.72
2026-01-05,华南,C型设备,线上,1664,14,1289.69,374.31
2026-01-05,华北,A型设备,线上,1487,10,943.26,543.74
2026-01-05,华北,B型设备,代理商,1626,15,1093.48,532.52
2026-01-05,华北,C型设备,线上,1702,15,1176.15,525.85
2026-01-05,西南,A型设备,线上,1616,12,1163.8,452.2
2026-01-05,西南,B型设备,代理商,1686,11,1118.39,567.61
2026-01-05,西南,C型设备,线下,1688,20,1235.15,452.85
2026-01-06,华东,A型设备,线下,1212,11,859.65,352.35
2026-01-06,华东,B型设备,线下,1398,11,1075.97,322.03
2026-01-06,华东,C型设备,线下,1301,12,746.12,554.88
2026-01-06,华南,A型设备,代理商,1320,10,788.05,531.95
2026-01-06,华南,B型设备,代理商,1622,20,1070.97,551.03
2026-01-06,华南,C型设备,线上,1576,17,1169.34,406.66
2026-01-06,华北,A型设备,线上,1558,14,1028.2,529.8
2026-01-06,华北,B型设备,代理商,1672,13,952.96,719.04
2026-01-06,华北,C型设备,线上,1742,12,1118.92,623.08
2026-01-06,西南,A型设备,线上,1581,15,1230.68,350.32
2026-01-06,西南,B型设备,代理商,1667,10,1263.78,403.22
2026-01-06,西南,C型设备,线下,1754,11,1298.13,455.87
2026-01-07,华东,A型设备,线上,1265,12,855.38,409.62
2026-01-07,华东,B型设备,代理商,1186,14,870.35,315.65
2026-01-07,华东,C型设备,线上,1318,8,952.1,365.9
2026-01-07,华南,A型设备,线上,1448,13,1071.54,376.46
2026-01-07,华南,B型设备,代理商,1330,11,796.59,533.41
2026-01-07,华南,C型设备,代理商,1529,9,955.59,573.41
2026-01-07,华北,A型设备,代理商,1580,16,891.13,688.87
2026-01-07,华北,B型设备,代理商,1637,11,1149.78,487.22
2026-01-07,华北,C型设备,线上,1761,12,1021.51,739.49
2026-01-07,西南,A型设备,线下,1774,12,983.33,790.67
2026-01-07,西南,B型设备,线上,1689,10,930.48,758.52
2026-01-07,西南,C型设备,代理商,1774,18,1168.89,605.11
2026-01-08,华东,A型设备,代理商,1153,7,650.53,502.47
2026-01-08,华东,B型设备,线上,1447,9,980.71,466.29
2026-01-08,华东,C型设备,线下,1558,17,945.95,612.05
2026-01-08,华南,A型设备,代理商,1253,13,835.47,417.53
2026-01-08,华南,B型设备,代理商,1336,15,871.0,465.0
2026-01-08,华南,C型设备,代理商,1670,10,1115.22,554.78
2026-01-08,华北,A型设备,线下,1513,11,1008.98,504.02
2026-01-08,华北,B型设备,线下,1721,15,1223.32,497.68
2026-01-08,华北,C型设备,线上,1838,17,1366.0,472.0
2026-01-08,西南,A型设备,线下,1725,18,1104.42,620.58
2026-01-08,西南,B型设备,线上,1639,14,1062.92,576.08
2026-01-08,西南,C型设备,线上,1847,19,1396.92,450.08
2026-01-09,华东,A型设备,线上,1547,12,901.72,645.28
2026-01-09,华东,B型设备,线上,1547,14,1116.53,430.47
2026-01-09,华东,C型设备,代理商,1601,11,940.5,660.5
2026-01-09,华南,A型设备,代理商,1472,14,1048.73,423.27
2026-01-09,华南,B型设备,线下,1654,13,1069.96,584.04
2026-01-09,华南,C型设备,线上,1701,18,1218.08,482.92
2026-01-09,华北,A型设备,代理商,1671,11,1095.33,575.67
2026-01-09,华北,B型设备,代理商,1597,12,1000.11,596.89
2026-01-09,华北,C型设备,线上,1829,12,1410.12,418.88
2026-01-09,西南,A型设备,线下,1755,18,999.18,755.82
2026-01-09,西南,B型设备,线上,1748,16,1070.13,677.87
2026-01-09,西南,C型设备,代理商,2034,18,1308.61,725.39
2026-01-10,华东,A型设备,线下,1487,9,987.01,499.99
2026-01-10,华东,B型设备,代理商,1359,11,765.43,593.57
2026-01-10,华东,C型设备,线下,1497,11,1131.61,365.39
2026-01-10,华南,A型设备,线上,1372,15,1007.56,364.44
2026-01-10,华南,B型设备,线上,1765,16,997.8,767.2
2026-01-10,华南,C型设备,代理商,1776,21,1115.34,660.66
2026-01-10,华北,A型设备,线上,1717,15,1189.87,527.13
2026-01-10,华北,B型设备,线上,1863,16,1426.63,436.37
2026-01-10,华北,C型设备,线下,1818,21,1075.64,742.36
2026-01-10,西南,A型设备,线上,1965,16,1320.77,644.23
2026-01-10,西南,B型设备,线上,1882,13,1251.57,630.43
2026-01-10,西南,C型设备,线下,1962,15,1441.77,520.23
2026-01-11,华东,A型设备,代理商,1128,13,625.18,502.82
2026-01-11,华东,B型设备,线上,1482,14,990.38,491.62
2026-01-11,华东,C型设备,代理商,1518,16,1064.75,453.25
2026-01-11,华南,A型设备,线下,1471,10,993.75,477.25
2026-01-11,华南,B型设备,线上,1599,13,1132.38,466.62
2026-01-11,华南,C型设备,代理商,1605,15,1189.99,415.01
2026-01-11,华北,A型设备,线下,1715,17,1102.88,612.12
2026-01-11,华北,B型设备,代理商,1507,15,833.79,673.21
2026-01-11,华北,C型设备,线上,1700,12,998.83,701.17
2026-01-11,西南,A型设备,线下,1725,11,1214.79,510.21
2026-01-11,西南,B型设备,线上,1926,17,1366.15,559.85
2026-01-11,西南,C型设备,线下,1945,18,1140.22,804.78
2026-01-12,华东,A型设备,线下,1117,9,707.9,409.1
2026-01-12,华东,B型设备,线下,1486,12,900.85,585.15
2026-01-12,华东,C型设备,线下,1407,11,833.06,573.94
2026-01-12,华南,A型设备,代理商,1451,16,956.45,494.55
2026-01-12,华南,B型设备,线上,1448,13,964.5,483.5
2026-01-12,华南,C型设备,线上,1482,13,1093.6,388.4
2026-01-12,华北,A型设备,线上,1600,10,895.33,704.67
2026-01-12,华北,B型设备,线上,1639,13,1138.82,500.18
2026-01-12,华北,C型设备,线上,1875,12,1399.21,475.79
2026-01-12,西南,A型设备,代理商,1841,14,1336.18,504.82
2026-01-12,西南,B型设备,代理商,1879,18,1156.26,722.74
2026-01-12,西南,C型设备,代理商,2045,20,1145.35,899.65
2026-01-13,华东,A型设备,代理商,1384,8,897.84,486.16
2026-01-13,华东,B型设备,代理商,1470,15,1116.13,353.87
2026-01-13,华东,C型设备,代理商,1593,19,1178.94,414.06
2026-01-13,华南,A型设备,线上,1591,14,906.19,684.81
2026-01-13,华南,B型设备,线下,1420,11,1094.38,325.62
2026-01-13,华南,C型设备,线上,1673,11,939.69,733.31
2026-01-13,华北,A型设备,线下,1722,11,1216.68,505.32
2026-01-13,华北,B型设备,线上,1627,20,1065.84,561.16
2026-01-13,华北,C型设备,代理商,1839,12,1050.34,788.66
2026-01-13,西南,A型设备,线上,1575,11,957.61,617.39
2026-01-13,西南,B型设备,线上,1767,16,1268.26,498.74
2026-01-13,西南,C型设备,线下,1840,13,1221.04,618.96
2026-01-14,华东,A型设备,线下,1167,8,886.23,280.77
2026-01-14,华东,B型设备,线上,1241,7,863.17,377.83
2026-01-14,华东,C型设备,线下,1347,8,786.52,560.48
2026-01-14,华南,A型设备,线上,1423,8,968.47,454.53
2026-01-14,华南,B型设备,代理商,1604,18,1061.42,542.58
2026-01-14,华南,C型设备,线下,1498,14,1056.71,441.29
2026-01-14,华北,A型设备,线下,1672,14,1098.29,573.71
2026-01-14,华北,B型设备,线上,1558,10,928.3,629.7
2026-01-14,华北,C型设备,线上,1830,22,1128.39,701.61
2026-01-14,西南,A型设备,线下,1807,13,1406.95,400.05
2026-01-14,西南,B型设备,线上,1745,16,989.7,755.3
2026-01-14,西南,C型设备,线下,1800,12,1098.39,701.61
2026-01-15,华东,A型设备,代理商,1201,7,887.12,313.88
2026-01-15,华东,B型设备,线上,1367,14,972.99,394.01
2026-01-15,华东,C型设备,线上,1568,11,1004.52,563.48
2026-01-15,华南,A型设备,线下,1275,8,901.13,373.87
2026-01-15,华南,B型设备,线下,1518,15,980.21,537.79
2026-01-15,华南,C型设备,线上,1615,17,1200.35,414.65
2026-01-15,华北,A型设备,线上,1580,12,1173.93,406.07
2026-01-15,华北,B型设备,线下,1604,19,1214.81,389.19
2026-01-15,华北,C型设备,线下,1723,13,973.4,749.6
2026-01-15,西南,A型设备,线下,1855,20,1174.15,680.85
2026-01-15,西南,B型设备,线上,1784,20,1096.35,687.65
2026-01-15,西南,C型设备,线下,1880,18,1141.81,738.19
2026-01-16,华东,A型设备,线下,1483,10,923.3,559.7
2026-01-16,华东,B型设备,代理商,1569,18,1155.96,413.04
2026-01-16,华东,C型设备,代理商,1644,10,1111.87,532.13
2026-01-16,华南,A型设备,线下,1441,16,1101.93,339.07
2026-01-16,华南,B型设备,代理商,1720,10,1243.76,476.24
2026-01-16,华南,C型设备,代理商,1726,12,968.74,757.26
2026-01-16,华北,A型设备,线下,1605,15,1057.06,547.94
2026-01-16,华北,B型设备,代理商,1774,15,1080.05,693.95
2026-01-16,华北,C型设备,线下,1853,14,1298.73,554.27
2026-01-16,西南,A型设备,线上,1927,12,1356.3,570.7
2026-01-16,西南,B型设备,代理商,1855,18,1052.32,802.68
2026-01-16,西南,C型设备,线下,2114,14,1269.68,844.32
2026-01-17,华东,A型设备,线上,1496,11,870.83,625.17
2026-01-17,华东,B型设备,代理商,1480,16,873.47,606.53
2026-01-17,华东,C型设备,线下,1492,12,902.66,589.34
2026-01-17,华南,A型设备,代理商,1697,16,1279.65,417.35
2026-01-17,华南,B型设备,代理商,1707,13,1101.34,605.66
2026-01-17,华南,C型设备,线上,1693,13,1036.38,656.62
2026-01-17,华北,A型设备,线下,1801,15,1228.43,572.57
2026-01-17,华北,B型设备,线上,1700,11,1141.93,558.07
2026-01-17,华北,C型设备,线下,1773,15,1340.85,432.15
2026-01-17,西南,A型设备,线下,1890,13,1227.22,662.78
2026-01-17,西南,B型设备,代理商,1787,18,996.1,790.9
2026-01-17,西南,C型设备,线上,2108,13,1396.89,711.11
2026-01-18,华东,A型设备,线下,1352,9,1009.61,342.39
2026-01-18,华东,B型设备,线上,1369,14,823.42,545.58
2026-01-18,华东,C型设备,代理商,1599,17,1225.7,373.3
2026-01-18,华南,A型设备,线上,1526,16,1032.87,493.13
2026-01-18,华南,B型设备,线上,1382,14,834.03,547.97
2026-01-18,华南,C型设备,代理商,1802,15,1389.99,412.01
2026-01-18,华北,A型设备,代理商,1560,10,1086.3,473.7
2026-01-18,华北,B型设备,代理商,1579,17,894.0,685.0
2026-01-18,华北,C型设备,线上,1910,18,1220.98,689.02
2026-01-18,西南,A型设备,线下,1879,23,1037.97,841.03
2026-01-18,西南,B型设备,代理商,1897,16,1461.75,435.25
2026-01-18,西南,C型设备,代理商,1876,13,1258.88,617.12
2026-01-19,华东,A型设备,代理商,1284,15,989.89,294.11
2026-01-19,华东,B型设备,线下,1405,16,779.79,625.21
2026-01-19,华东,C型设备,代理商,1553,17,946.04,606.96
2026-01-19,华南,A型设备,线上,1515,11,912.27,602.73
2026-01-19,华南,B型设备,线下,1561,11,988.63,572.37
2026-01-19,华南,C型设备,代理商,1579,19,1157.92,421.08
2026-01-19,华北,A型设备,线上,1696,19,1012.85,683.15
2026-01-19,华北,B型设备,线上,1687,16,1017.41,669.59
2026-01-19,华北,C型设备,代理商,1753,14,1008.1,744.9
2026-01-19,西南,A型设备,线上,1831,11,1085.93,745.07
2026-01-19,西南,B型设备,线上,1916,14,1454.99,461.01
2026-01-19,西南,C型设备,线上,2062,21,1571.33,490.67
2026-01-20,华东,A型设备,线上,1273,15,985.36,287.64
2026-01-20,华东,B型设备,线上,1466,17,1045.65,420.35
2026-01-20,华东,C型设备,线下,1545,11,1168.91,376.09
2026-01-20,华南,A型设备,线下,1361,15,1040.17,320.83
2026-01-20,华南,B型设备,代理商,1491,14,1043.8,447.2
2026-01-20,华南,C型设备,代理商,1723,20,1071.22,651.78
2026-01-20,华北,A型设备,线下,1637,12,1271.21,365.79
2026-01-20,华北,B型设备,线下,1620,17,892.07,727.93
2026-01-20,华北,C型设备,线上,1665,13,1076.66,588.34
2026-01-20,西南,A型设备,线下,1871,17,1192.63,678.37
2026-01-20,西南,B型设备,线下,1895,20,1063.72,831.28
2026-01-20,西南,C型设备,线下,1864,14,1257.36,606.64
2026-01-21,华东,A型设备,线下,1268,10,803.63,464.37
2026-01-21,华东,B型设备,代理商,1275,7,821.72,453.28
2026-01-21,华东,C型设备,线下,1557,18,990.84,566.16
2026-01-21,华南,A型设备,代理商,1342,15,817.43,524.57
2026-01-21,华南,B型设备,线下,1432,9,899.28,532.72
2026-01-21,华南,C型设备,代理商,1661,10,930.2,730.8
2026-01-21,华北,A型设备,代理商,1612,14,996.87,615.13
2026-01-21,华北,B型设备,线上,1844,20,1024.49,819.51
2026-01-21,华北,C型设备,线下,1684,12,1203.36,480.64
2026-01-21,西南,A型设备,线下,1787,15,1358.33,428.67
2026-01-21,西南,B型设备,代理商,1747,12,1034.36,712.64
2026-01-21,西南,C型设备,线下,1925,19,1327.61,597.39
2026-01-22,华东,A型设备,代理商,1339,9,847.89,491.11
2026-01-22,华东,B型设备,线上,1306,9,777.57,528.43
2026-01-22,华东,C型设备,线上,1482,11,837.16,644.84
2026-01-22,华南,A型设备,线上,1562,10,1054.76,507.24
2026-01-22,华南,B型设备,线下,1624,17,1262.17,361.83
2026-01-22,华南,C型设备,线下,1815,20,1085.22,729.78
2026-01-22,华北,A型设备,线上,1711,12,1009.21,701.79
2026-01-22,华北,B型设备,代理商,1759,12,1218.41,540.59
2026-01-22,华北,C型设备,代理商,1756,11,1307.88,448.12
2026-01-22,西南,A型设备,代理商,1658,14,1023.93,634.07
2026-01-22,西南,B型设备,线下,1823,14,1109.17,713.83
2026-01-22,西南,C型设备,线上,1877,13,1139.17,737.83
2026-01-23,华东,A型设备,代理商,1422,14,874.12,547.88
2026-01-23,华东,B型设备,线下,1488,12,840.58,647.42
2026-01-23,华东,C型设备,代理商,1607,11,1078.38,528.62
2026-01-23,华南,A型设备,线上,1493,10,1161.43,331.57
2026-01-23,华南,B型设备,线上,1534,10,1155.18,378.82
2026-01-23,华南,C型设备,线下,1851,14,1035.23,815.77
2026-01-23,华北,A型设备,代理商,1701,17,955.26,745.74
2026-01-23,华北,B型设备,线下,1970,18,1504.96,465.04
2026-01-23,华北,C型设备,线下,2024,19,1322.27,701.73
2026-01-23,西南,A型设备,代理商,1725,18,1201.66,523.34
2026-01-23,西南,B型设备,线下,2129,17,1277.52,851.48
2026-01-23,西南,C型设备,线下,2076,21,1162.89,913.11
2026-01-24,华东,A型设备,线上,1327,8,953.33,373.67
2026-01-24,华东,B型设备,线下,1403,11,903.63,499.37
2026-01-24,华东,C型设备,线上,1582,9,983.7,598.3
2026-01-24,华南,A型设备,线上,1464,10,989.74,474.26
2026-01-24,华南,B型设备,代理商,1746,18,1279.89,466.11
2026-01-24,华南,C型设备,线上,1909,19,1330.6,578.4
2026-01-24,华北,A型设备,线下,1671,12,1186.32,484.68
2026-01-24,华北,B型设备,线上,1823,15,1177.85,645.15
2026-01-24,华北,C型设备,线下,1927,12,1451.51,475.49
2026-01-24,西南,A型设备,线下,1941,23,1453.38,487.62
2026-01-24,西南,B型设备,线下,2147,20,1373.8,773.2
2026-01-24,西南,C型设备,线上,2012,25,1307.51,704.49
2026-01-25,华东,A型设备,线下,1410,15,1041.55,368.45
2026-01-25,华东,B型设备,线上,1579,12,1035.84,543.16
2026-01-25,华东,C型设备,线上,1440,17,809.12,630.88
2026-01-25,华南,A型设备,代理商,1662,12,948.13,713.87
2026-01-25,华南,B型设备,线下,1613,11,950.84,662.16
2026-01-25,华南,C型设备,线上,1659,16,1111.31,547.69
2026-01-25,华北,A型设备,线上,1529,11,1013.45,515.55
2026-01-25,华北,B型设备,线上,1718,17,1275.75,442.25
2026-01-25,华北,C型设备,代理商,1901,15,1068.89,832.11
2026-01-25,西南,A型设备,代理商,1812,19,1373.44,438.56
2026-01-25,西南,B型设备,代理商,1786,16,1237.42,548.58
2026-01-25,西南,C型设备,线上,1894,13,1121.4,772.6
2026-01-26,华东,A型设备,线上,1221,9,935.12,285.88
2026-01-26,华东,B型设备,线上,1486,11,859.36,626.64
2026-01-26,华东,C型设备,代理商,1478,17,1113.36,364.64
2026-01-26,华南,A型设备,代理商,1359,11,784.25,574.75
2026-01-26,华南,B型设备,线下,1663,11,1239.39,423.61
2026-01-26,华南,C型设备,线下,1735,14,1186.75,548.25
2026-01-26,华北,A型设备,线下,1679,13,1095.99,583.01
2026-01-26,华北,B型设备,线下,1661,20,914.89,746.11
2026-01-26,华北,C型设备,代理商,1898,17,1238.95,659.05
2026-01-26,西南,A型设备,线下,1854,18,1365.33,488.67
2026-01-26,西南,B型设备,线下,1764,20,1022.32,741.68
2026-01-26,西南,C型设备,代理商,1987,21,1459.5,527.5
2026-01-27,华东,A型设备,线上,1467,17,820.57,646.43
2026-01-27,华东,B型设备,代理商,1338,11,975.21,362.79
2026-01-27,华东,C型设备,线下,1426,16,1030.96,395.04
2026-01-27,华南,A型设备,代理商,1415,17,1057.18,357.82
2026-01-27,华南,B型设备,线下,1492,14,865.77,626.23
2026-01-27,华南,C型设备,代理商,1673,16,1184.17,488.83
2026-01-27,华北,A型设备,代理商,1599,18,1185.82,413.18
2026-01-27,华北,B型设备,代理商,1705,17,1064.74,640.26
2026-01-27,华北,C型设备,代理商,1806,13,1052.94,753.06
2026-01-27,西南,A型设备,代理商,1871,17,1283.76,587.24
2026-01-27,西南,B型设备,线上,1975,17,1231.19,743.81
2026-01-27,西南,C型设备,代理商,1907,18,1225.81,681.19
2026-01-28,华东,A型设备,线上,1354,11,1023.55,330.45
2026-01-28,华东,B型设备,线上,1437,15,1044.27,392.73
2026-01-28,华东,C型设备,线下,1717,13,1325.89,391.11
2026-01-28,华南,A型设备,线上,1636,11,1118.06,517.94
2026-01-28,华南,B型设备,线下,1571,10,1091.61,479.39
2026-01-28,华南,C型设备,线下,1722,15,1095.92,626.08
2026-01-28,华北,A型设备,线上,1787,18,1130.92,656.08
2026-01-28,华北,B型设备,代理商,1808,16,1067.9,740.1
2026-01-28,华北,C型设备,线下,1696,14,1252.6,443.4
2026-01-28,西南,A型设备,线下,1790,11,1366.75,423.25
2026-01-28,西南,B型设备,线下,1722,20,1034.88,687.12
2026-01-28,西南,C型设备,代理商,2127,13,1381.3,745.7
2026-01-29,华东,A型设备,线上,1404,16,814.83,589.17
2026-01-29,华东,B型设备,线上,1621,19,899.86,721.14
2026-01-29,华东,C型设备,代理商,1688,13,1046.32,641.68
2026-01-29,华南,A型设备,代理商,1540,10,926.43,613.57
2026-01-29,华南,B型设备,线下,1602,10,930.37,671.63
2026-01-29,华南,C型设备,线上,1857,13,1089.1,767.9
2026-01-29,华北,A型设备,线上,1622,16,1060.3,561.7
2026-01-29,华北,B型设备,线下,1914,19,1436.26,477.74
2026-01-29,华北,C型设备,线上,1883,16,1454.51,428.49
2026-01-29,西南,A型设备,代理商,1968,13,1486.46,481.54
2026-01-29,西南,B型设备,代理商,2058,13,1341.95,716.05
2026-01-29,西南,C型设备,线上,2070,18,1217.1,852.9
2026-01-30,华东,A型设备,线下,1366,15,918.3,447.7
2026-01-30,华东,B型设备,线上,1529,13,896.94,632.06
2026-01-30,华东,C型设备,线上,1530,9,1035.37,494.63
2026-01-30,华南,A型设备,代理商,1556,11,927.2,628.8
2026-01-30,华南,B型设备,线下,1903,13,1330.1,572.9
2026-01-30,华南,C型设备,线上,1977,19,1318.6,658.4
2026-01-30,华北,A型设备,代理商,1777,11,997.17,779.83
2026-01-30,华北,B型设备,线下,1958,13,1079.76,878.24
2026-01-30,华北,C型设备,线下,2042,22,1471.47,570.53
2026-01-30,西南,A型设备,线下,1853,17,1443.9,409.1
2026-01-30,西南,B型设备,代理商,1972,23,1140.51,831.49
2026-01-30,西南,C型设备,代理商,2078,24,1270.03,807.97
2026-01-31,华东,A型设备,线下,1573,10,1216.77,356.23
2026-01-31,华东,B型设备,代理商,1768,16,1007.14,760.86
2026-01-31,华东,C型设备,线上,1537,15,937.39,599.61
2026-01-31,华南,A型设备,线下,1593,15,1149.53,443.47
2026-01-31,华南,B型设备,线上,1678,13,1049.7,628.3
2026-01-31,华南,C型设备,代理商,1864,11,1420.34,443.66
2026-01-31,华北,A型设备,代理商,1904,13,1253.96,650.04
2026-01-31,华北,B型设备,代理商,1723,20,1120.91,602.09
2026-01-31,华北,C型设备,线上,1929,12,1453.49,475.51
2026-01-31,西南,A型设备,代理商,1970,12,1348.71,621.29
2026-01-31,西南,B型设备,线上,1947,19,1085.59,861.41
2026-01-31,西南,C型设备,线下,2004,12,1530.37,473.63
2026-02-01,华东,A型设备,线上,1308,15,728.69,579.31
2026-02-01,华东,B型设备,代理商,1655,19,1175.57,479.43
2026-02-01,华东,C型设备,线下,1439,16,1074.93,364.07
2026-02-01,华南,A型设备,线上,1478,9,1115.88,362.12
2026-02-01,华南,B型设备,线上,1662,17,1008.36,653.64
2026-02-01,华南,C型设备,代理商,1613,19,899.92,713.08
2026-02-01,华北,A型设备,线下,1560,9,1084.85,475.15
2026-02-01,华北,B型设备,代理商,1657,17,948.65,708.35
2026-02-01,华北,C型设备,线下,1800,15,1122.12,677.88
2026-02-01,西南,A型设备,线下,1789,21,1128.34,660.66
2026-02-01,西南,B型设备,代理商,1770,13,1344.1,425.9
2026-02-01,西南,C型设备,代理商,2093,14,1560.99,532.01
2026-02-02,华东,A型设备,代理商,1257,9,700.38,556.62
2026-02-02,华东,B型设备,线上,1382,11,909.16,472.84
2026-02-02,华东,C型设备,线上,1697,11,1017.88,679.12
2026-02-02,华南,A型设备,线上,1676,14,987.47,688.53
2026-02-02,华南,B型设备,线上,1740,16,1072.39,667.61
2026-02-02,华南,C型设备,线下,1564,12,1036.76,527.24
2026-02-02,华北,A型设备,代理商,1616,11,1109.04,506.96
2026-02-02,华北,B型设备,线下,1745,11,1338.57,406.43
2026-02-02,华北,C型设备,线上,1811,16,1203.61,607.39
2026-02-02,西南,A型设备,代理商,1987,22,1316.92,670.08
2026-02-02,西南,B型设备,线下,2039,21,1415.93,623.07
2026-02-02,西南,C型设备,代理商,1890,14,1443.12,446.88
2026-02-03,华东,A型设备,线上,1292,9,974.61,317.39
2026-02-03,华东,B型设备,线下,1528,14,946.94,581.06
2026-02-03,华东,C型设备,代理商,1707,11,1006.03,700.97
2026-02-03,华南,A型设备,代理商,1507,10,872.83,634.17
2026-02-03,华南,B型设备,线下,1787,21,1126.08,660.92
2026-02-03,华南,C型设备,线下,1835,18,1375.59,459.41
2026-02-03,华北,A型设备,线下,1811,14,1066.67,744.33
2026-02-03,华北,B型设备,线下,1749,11,1054.88,694.12
2026-02-03,华北,C型设备,线下,1944,17,1296.2,647.8
2026-02-03,西南,A型设备,线上,1822,11,1066.88,755.12
2026-02-03,西南,B型设备,线下,1884,15,1297.45,586.55
2026-02-03,西南,C型设备,线上,1930,17,1207.13,722.87
2026-02-04,华东,A型设备,代理商,1386,14,814.77,571.23
2026-02-04,华东,B型设备,线上,1396,13,891.17,504.83
2026-02-04,华东,C型设备,线上,1588,13,1032.25,555.75
2026-02-04,华南,A型设备,线下,1449,15,890.53,558.47
2026-02-04,华南,B型设备,线下,1721,20,951.54,769.46
2026-02-04,华南,C型设备,线下,1687,11,1308.44,378.56
2026-02-04,华北,A型设备,代理商,1771,21,1031.81,739.19
2026-02-04,华北,B型设备,线下,1831,22,1319.08,511.92
2026-02-04,华北,C型设备,线下,2007,12,1449.64,557.36
2026-02-04,西南,A型设备,代理商,1791,11,1336.2,454.8
2026-02-04,西南,B型设备,线下,1856,19,1214.56,641.44
2026-02-04,西南,C型设备,线下,1987,12,1413.05,573.95
2026-02-05,华东,A型设备,代理商,2906.4,22,2075.24,831.16
2026-02-05,华东,B型设备,线下,1430,12,1065.88,364.12
2026-02-05,华东,C型设备,线下,1673,20,1159.32,513.68
2026-02-05,华南,A型设备,线下,1665,16,1258.3,406.7
2026-02-05,华南,B型设备,线上,1495,11,1108.29,386.71
2026-02-05,华南,C型设备,线上,1599,14,1079.28,519.72
2026-02-05,华北,A型设备,代理商,1642,11,1034.6,607.4
2026-02-05,华北,B型设备,线下,1863,12,1112.48,750.52
2026-02-05,华北,C型设备,线下,1982,24,1381.51,600.49
2026-02-05,西南,A型设备,线下,1947,15,1254.61,692.39
2026-02-05,西南,B型设备,线上,1877,18,1201.79,675.21
2026-02-05,西南,C型设备,线下,2174,17,1514.5,659.5
2026-02-06,华东,A型设备,线上,1526,11,979.58,546.42
2026-02-06,华东,B型设备,代理商,1514,11,1151.47,362.53
2026-02-06,华东,C型设备,线上,1746,11,1066.78,679.22
2026-02-06,华南,A型设备,代理商,1681,12,1287.96,393.04
2026-02-06,华南,B型设备,线上,1728,13,1134.06,593.94
2026-02-06,华南,C型设备,代理商,1772,20,1304.55,467.45
2026-02-06,华北,A型设备,代理商,1764,12,1230.75,533.25
2026-02-06,华北,B型设备,代理商,1871,19,1181.01,689.99
2026-02-06,华北,C型设备,代理商,2057,14,1602.63,454.37
2026-02-06,西南,A型设备,线上,1870,13,1181.08,688.92
2026-02-06,西南,B型设备,线下,2032,15,1438.89,593.11
2026-02-06,西南,C型设备,代理商,2081,14,1145.84,935.16
2026-02-07,华东,A型设备,线下,1535,12,930.74,604.26
2026-02-07,华东,B型设备,代理商,1646,11,1088.88,557.12
2026-02-07,华东,C型设备,线下,1898,21,1331.7,566.3
2026-02-07,华南,A型设备,线上,1610,13,1201.9,408.1
2026-02-07,华南,B型设备,线上,1665,10,1262.63,402.37
2026-02-07,华南,C型设备,线上,1983,15,1379.43,603.57
2026-02-07,华北,A型设备,代理商,1677,15,1289.46,387.54
2026-02-07,华北,B型设备,代理商,1912,17,1319.06,592.94
2026-02-07,华北,C型设备,线下,1925,17,1140.95,784.05
2026-02-07,西南,A型设备,线下,1989,20,1189.35,799.65
2026-02-07,西南,B型设备,代理商,2175,21,1501.16,673.84
2026-02-07,西南,C型设备,代理商,2303,25,1620.73,682.27
2026-02-08,华东,A型设备,代理商,1603,13,954.42,648.58
2026-02-08,华东,B型设备,线下,1477,10,839.06,637.94
2026-02-08,华东,C型设备,线下,1517,10,875.67,641.33
2026-02-08,华南,A型设备,代理商,1537,15,1012.65,524.35
2026-02-08,华南,B型设备,线上,1537,10,1010.47,526.53
2026-02-08,华南,C型设备,代理商,1849,16,1228.81,620.19
2026-02-08,华北,A型设备,线下,1864,23,1093.95,770.05
2026-02-08,华北,B型设备,线下,1887,12,1253.82,633.18
2026-02-08,华北,C型设备,代理商,1976,15,1280.32,695.68
2026-02-08,西南,A型设备,代理商,1736,16,1209.16,526.84
2026-02-08,西南,B型设备,代理商,1802,21,1243.79,558.21
2026-02-08,西南,C型设备,线下,2047,22,1366.26,680.74
2026-02-09,华东,A型设备,线下,1357,16,812.94,544.06
2026-02-09,华东,B型设备,代理商,1694,17,1063.63,630.37
2026-02-09,华东,C型设备,代理商,1651,13,1088.24,562.76
2026-02-09,华南,A型设备,线下,1707,16,1050.41,656.59
2026-02-09,华南,B型设备,线下,1730,15,1171.95,558.05
2026-02-09,华南,C型设备,线下,1753,14,1297.88,455.12
2026-02-09,华北,A型设备,代理商,1734,12,1346.25,387.75
2026-02-09,华北,B型设备,线上,1830,17,1282.0,548.0
2026-02-09,华北,C型设备,线下,1913,18,1191.67,721.33
2026-02-09,西南,A型设备,线上,1769,11,1368.73,400.27
2026-02-09,西南,B型设备,线下,1814,13,1299.22,514.78
2026-02-09,西南,C型设备,线下,2163,14,1214.38,948.62
2026-02-10,华东,A型设备,线下,1345,16,754.1,590.9
2026-02-10,华东,B型设备,代理商,1691,19,1236.93,454.07
2026-02-10,华东,C型设备,代理商,1783,13,1233.55,549.45
2026-02-10,华南,A型设备,代理商,1735,19,1039.05,695.95
2026-02-10,华南,B型设备,线上,1844,13,1279.39,564.61
2026-02-10,华南,C型设备,线下,1661,16,1245.61,415.39
2026-02-10,华北,A型设备,线上,1621,20,1029.08,591.92
2026-02-10,华北,B型设备,线下,1818,12,1296.83,521.17
2026-02-10,华北,C型设备,线上,1844,13,1028.72,815.28
2026-02-10,西南,A型设备,线上,1930,12,1346.38,583.62
2026-02-10,西南,B型设备,线上,2054,13,1376.38,677.62
2026-02-10,西南,C型设备,线下,2105,13,1494.58,610.42
2026-02-11,华东,A型设备,线下,1524,17,843.15,680.85
2026-02-11,华东,B型设备,代理商,1690,10,1315.53,374.47
2026-02-11,华东,C型设备,代理商,1555,11,1130.6,424.4
2026-02-11,华南,A型设备,线上,1488,16,1038.98,449.02
2026-02-11,华南,B型设备,线上,1603,10,887.38,715.62
2026-02-11,华南,C型设备,线上,1620,17,1258.63,361.37
2026-02-11,华北,A型设备,线上,1687,17,977.89,709.11
2026-02-11,华北,B型设备,代理商,1807,11,1094.54,712.46
2026-02-11,华北,C型设备,代理商,1851,21,1173.81,677.19
2026-02-11,西南,A型设备,代理商,1790,19,1105.19,684.81
2026-02-11,西南,B型设备,线下,2061,14,1450.93,610.07
2026-02-11,西南,C型设备,线上,1922,22,1062.14,859.86
2026-02-12,华东,A型设备,线下,1618,17,1034.64,583.36
2026-02-12,华东,B型设备,线下,1699,16,1308.69,390.31
2026-02-12,华东,C型设备,代理商,1793,20,1116.58,676.42
2026-02-12,华南,A型设备,线上,1666,11,1175.67,490.33
2026-02-12,华南,B型设备,线上,1591,12,1224.11,366.89
2026-02-12,华南,C型设备,线下,1944,14,1282.46,661.54
2026-02-12,华北,A型设备,线下,1721,11,1078.71,642.29
2026-02-12,华北,B型设备,代理商,1703,10,1318.14,384.86
2026-02-12,华北,C型设备,代理商,2069,16,1551.75,517.25
2026-02-12,西南,A型设备,线下,1729,17,1190.0,539.0
2026-02-12,西南,B型设备,线上,2111,15,1635.12,475.88
2026-02-12,西南,C型设备,代理商,2094,16,1481.52,612.48
2026-02-13,华东,A型设备,线上,1547,11,951.65,595.35
2026-02-13,华东,B型设备,线上,1682,14,1028.79,653.21
2026-02-13,华东,C型设备,线上,1908,22,1176.01,731.99
2026-02-13,华南,A型设备,代理商,1860,18,1140.15,719.85
2026-02-13,华南,B型设备,代理商,1913,15,1287.35,625.65
2026-02-13,华南,C型设备,线上,2031,14,1489.53,541.47
2026-02-13,华北,A型设备,代理商,1827,15,1259.87,567.13
2026-02-13,华北,B型设备,线下,2000,14,1425.84,574.16
2026-02-13,华北,C型设备,线下,2188,27,1601.8,586.2
2026-02-13,西南,A型设备,线下,2124,23,1430.12,693.88
2026-02-13,西南,B型设备,代理商,1970,18,1263.92,706.08
2026-02-13,西南,C型设备,代理商,2160,14,1347.47,812.53
2026-02-14,华东,A型设备,线上,1735,16,1029.73,705.27
2026-02-14,华东,B型设备,线下,1571,15,1155.23,415.77
2026-02-14,华东,C型设备,线下,1799,11,1222.99,576.01
2026-02-14,华南,A型设备,线下,1838,18,1115.02,722.98
2026-02-14,华南,B型设备,线下,1855,19,1178.82,676.18
2026-02-14,华南,C型设备,线上,1795,18,1117.62,677.38
2026-02-14,华北,A型设备,线上,1890,16,1265.31,624.69
2026-02-14,华北,B型设备,代理商,1852,22,1105.77,746.23
2026-02-14,华北,C型设备,线下,2142,13,1457.53,684.47
2026-02-14,西南,A型设备,线下,1997,14,1142.95,854.05
2026-02-14,西南,B型设备,线下,2247,14,1733.78,513.22
2026-02-14,西南,C型设备,线上,2053,16,1224.06,828.94
2026-02-15,华东,A型设备,线上,1513,16,841.73,671.27
2026-02-15,华东,B型设备,线下,1695,13,1271.68,423.32
2026-02-15,华东,C型设备,代理商,1749,19,1309.1,439.9
2026-02-15,华南,A型设备,线上,1663,17,1184.83,478.17
2026-02-15,华南,B型设备,代理商,1681,14,1142.79,538.21
2026-02-15,华南,C型设备,线下,1685,11,1079.1,605.9
2026-02-15,华北,A型设备,代理商,1681,13,1297.95,383.05
2026-02-15,华北,B型设备,线下,1803,17,1007.67,795.33
2026-02-15,华北,C型设备,线上,1960,22,1484.96,475.04
2026-02-15,西南,A型设备,代理商,1764,15,1289.25,474.75
2026-02-15,西南,B型设备,线下,2077,23,1190.63,886.37
2026-02-15,西南,C型设备,线下,1922,18,1356.33,565.67
2026-02-16,华东,A型设备,代理商,1627,10,1059.98,567.02
2026-02-16,华东,B型设备,线下,1469,10,917.39,551.61
2026-02-16,华东,C型设备,线下,1705,17,1084.8,620.2
2026-02-16,华南,A型设备,线上,1552,11,938.72,613.28
2026-02-16,华南,B型设备,线上,1562,11,1116.77,445.23
2026-02-16,华南,C型设备,线上,1664,16,1270.24,393.76
2026-02-16,华北,A型设备,代理商,1645,10,1232.69,412.31
2026-02-16,华北,B型设备,线下,1767,12,1361.17,405.83
2026-02-16,华北,C型设备,线下,1797,11,1019.41,777.59
2026-02-16,西南,A型设备,代理商,1911,17,1260.94,650.06
2026-02-16,西南,B型设备,代理商,2023,20,1267.12,755.88
2026-02-16,西南,C型设备,代理商,1955,18,1396.18,558.82
2026-02-17,华东,A型设备,线下,1406,10,1054.87,351.13
2026-02-17,华东,B型设备,线上,1636,12,992.65,643.35
2026-02-17,华东,C型设备,线下,1650,10,1226.11,423.89
2026-02-17,华南,A型设备,线下,1557,13,1032.18,524.82
2026-02-17,华南,B型设备,代理商,1795,12,1034.38,760.62
2026-02-17,华南,C型设备,代理商,1681,10,1270.6,410.4
2026-02-17,华北,A型设备,线下,1720,11,1134.88,585.12
2026-02-17,华北,B型设备,线下,1763,15,1275.73,487.27
2026-02-17,华北,C型设备,线上,2013,17,1569.25,443.75
2026-02-17,西南,A型设备,线上,1801,13,1110.44,690.56
2026-02-17,西南,B型设备,代理商,1871,15,1091.17,779.83
2026-02-17,西南,C型设备,线下,1940,14,1427.09,512.91
2026-02-18,华东,A型设备,代理商,1599,16,1042.38,556.62
2026-02-18,华东,B型设备,线上,1574,15,996.06,577.94
2026-02-18,华东,C型设备,线上,1727,16,1059.82,667.18
2026-02-18,华南,A型设备,线上,1548,15,1037.13,510.87
2026-02-18,华南,B型设备,线上,1657,15,1140.26,516.74
2026-02-18,华南,C型设备,线上,1969,13,1427.71,541.29
2026-02-18,华北,A型设备,代理商,1723,17,1190.35,532.65
2026-02-18,华北,B型设备,线上,2029,19,1387.99,641.01
2026-02-18,华北,C型设备,代理商,1803,20,1278.72,524.28
2026-02-18,西南,A型设备,线下,1966,22,1315.74,650.26
2026-02-18,西南,B型设备,线下,2019,17,1501.41,517.59
2026-02-18,西南,C型设备,线下,1984,24,1278.07,705.93
2026-02-19,华东,A型设备,代理商,1412,12,857.25,554.75
2026-02-19,华东,B型设备,线下,1621,19,952.5,668.5
2026-02-19,华东,C型设备,线下,1818,11,1358.69,459.31
2026-02-19,华南,A型设备,线上,1750,12,1352.42,397.58
2026-02-19,华南,B型设备,线下,1635,13,1167.97,467.03
2026-02-19,华南,C型设备,线上,1859,12,1343.69,515.31
2026-02-19,华北,A型设备,线下,1773,19,1364.2,408.8
2026-02-19,华北,B型设备,代理商,1942,13,1079.55,862.45
2026-02-19,华北,C型设备,线上,1872,22,1134.46,737.54
2026-02-19,西南,A型设备,线上,1878,11,1111.68,766.32
2026-02-19,西南,B型设备,线上,2013,17,1364.28,648.72
2026-02-19,西南,C型设备,代理商,1953,21,1490.24,462.76
2026-02-20,华东,A型设备,代理商,1569,13,869.33,699.67
2026-02-20,华东,B型设备,线上,1886,12,1238.55,647.45
2026-02-20,华东,C型设备,线上,1877,20,1183.75,693.25
2026-02-20,华南,A型设备,线下,1701,20,1042.36,658.64
2026-02-20,华南,B型设备,线下,1952,12,1298.42,653.58
2026-02-20,华南,C型设备,线上,1846,19,1066.9,779.1
2026-02-20,华北,A型设备,线上,2027,13,1220.88,806.12
2026-02-20,华北,B型设备,线下,1915,12,1256.76,658.24
2026-02-20,华北,C型设备,线下,2014,24,1542.01,471.99
2026-02-20,西南,A型设备,代理商,2105,13,1564.3,540.7
2026-02-20,西南,B型设备,线上,1998,15,1544.88,453.12
2026-02-20,西南,C型设备,线下,2255,18,1448.08,806.92
2026-02-21,华东,A型设备,线下,1699,11,1248.78,450.22
2026-02-21,华东,B型设备,代理商,1771,11,995.86,775.14
2026-02-21,华东,C型设备,线下,1731,13,1051.3,679.7
2026-02-21,华南,A型设备,代理商,1939,23,1228.98,710.02
2026-02-21,华南,B型设备,线上,1801,20,1124.91,676.09
2026-02-21,华南,C型设备,线下,2054,25,1236.22,817.78
2026-02-21,华北,A型设备,线上,1959,14,1362.76,596.24
2026-02-21,华北,B型设备,代理商,1863,11,1138.53,724.47
2026-02-21,华北,C型设备,线上,2255,19,1566.09,688.91
2026-02-21,西南,A型设备,代理商,2214,24,1345.3,868.7
2026-02-21,西南,B型设备,线上,1992,14,1204.02,787.98
2026-02-21,西南,C型设备,代理商,2223,23,1378.8,844.2
2026-02-22,华东,A型设备,代理商,1447,15,815.93,631.07
2026-02-22,华东,B型设备,代理商,1589,17,1044.41,544.59
2026-02-22,华东,C型设备,线上,1617,11,935.44,681.56
2026-02-22,华南,A型设备,线下,1652,12,1127.97,524.03
2026-02-22,华南,B型设备,线下,1716,18,1236.02,479.98
2026-02-22,华南,C型设备,线上,1914,12,1358.58,555.42
2026-02-22,华北,A型设备,线下,1839,17,1243.48,595.52
2026-02-22,华北,B型设备,线下,1967,13,1219.25,747.75
2026-02-22,华北,C型设备,线下,2062,17,1148.78,913.22
2026-02-22,西南,A型设备,线下,1895,18,1265.6,629.4
2026-02-22,西南,B型设备,线下,2171,16,1199.98,971.02
2026-02-22,西南,C型设备,线下,2045,18,1277.12,767.88
2026-02-23,华东,A型设备,线上,1619,14,996.51,622.49
2026-02-23,华东,B型设备,线上,1609,18,1170.69,438.31
2026-02-23,华东,C型设备,线下,1830,20,1261.53,568.47
2026-02-23,华南,A型设备,线下,1733,19,1159.22,573.78
2026-02-23,华南,B型设备,代理商,1779,19,1191.6,587.4
2026-02-23,华南,C型设备,线下,1767,13,1108.82,658.18
2026-02-23,华北,A型设备,线下,1719,16,1189.12,529.88
2026-02-23,华北,B型设备,代理商,2003,21,1441.99,561.01
2026-02-23,华北,C型设备,代理商,2071,18,1512.94,558.06
2026-02-23,西南,A型设备,线上,2111,21,1361.59,749.41
2026-02-23,西南,B型设备,代理商,1880,14,1365.08,514.92
2026-02-23,西南,C型设备,代理商,2028,14,1300.81,727.19
2026-02-24,华东,A型设备,线下,1450,10,1080.96,369.04
2026-02-24,华东,B型设备,线下,1782,11,1025.61,756.39
2026-02-24,华东,C型设备,线下,1788,15,1280.75,507.25
2026-02-24,华南,A型设备,代理商,1694,13,1136.69,557.31
2026-02-24,华南,B型设备,代理商,1800,14,992.8,807.2
2026-02-24,华南,C型设备,线上,1949,15,1271.0,678.0
2026-02-24,华北,A型设备,线下,1928,16,1416.46,511.54
2026-02-24,华北,B型设备,线上,2038,15,1393.51,644.49
2026-02-24,华北,C型设备,代理商,2003,16,1548.04,454.96
2026-02-24,西南,A型设备,线下,1918,15,1145.03,772.97
2026-02-24,西南,B型设备,代理商,1889,22,1059.56,829.44
2026-02-24,西南,C型设备,线下,2228,18,1697.0,531.0
2026-02-25,华东,A型设备,代理商,1655,10,1290.26,364.74
2026-02-25,华东,B型设备,线下,1734,12,1109.05,624.95
2026-02-25,华东,C型设备,线下,1580,10,1114.74,465.26
2026-02-25,华南,A型设备,线上,1525,17,1022.98,502.02
2026-02-25,华南,B型设备,代理商,1819,14,1210.02,608.98
2026-02-25,华南,C型设备,线上,1987,12,1163.33,823.67
2026-02-25,华北,A型设备,代理商,1875,13,1204.46,670.54
2026-02-25,华北,B型设备,代理商,2050,16,1453.58,596.42
2026-02-25,华北,C型设备,线下,1887,18,1195.27,691.73
2026-02-25,西南,A型设备,线上,1838,15,1227.59,610.41
2026-02-25,西南,B型设备,代理商,2040,16,1507.0,533.0
2026-02-25,西南,C型设备,线下,2195,13,1286.21,908.79
2026-02-26,华东,A型设备,线上,1647,15,1097.11,549.89
2026-02-26,华东,B型设备,代理商,1687,16,951.2,735.8
2026-02-26,华东,C型设备,代理商,1874,20,1182.93,691.07
2026-02-26,华南,A型设备,线上,1851,21,1312.54,538.46
2026-02-26,华南,B型设备,代理商,1617,13,1153.64,463.36
2026-02-26,华南,C型设备,线上,1708,14,1095.58,612.42
2026-02-26,华北,A型设备,线上,1966,24,1383.4,582.6
2026-02-26,华北,B型设备,代理商,1845,12,1341.06,503.94
2026-02-26,华北,C型设备,线上,1982,13,1324.57,657.43
2026-02-26,西南,A型设备,线上,2100,20,1353.56,746.44
2026-02-26,西南,B型设备,代理商,1970,19,1318.4,651.6
2026-02-26,西南,C型设备,线上,2040,24,1168.97,871.03
2026-02-27,华东,A型设备,代理商,1779,12,1315.25,463.75
2026-02-27,华东,B型设备,代理商,1822,20,1274.53,547.47
2026-02-27,华东,C型设备,线上,1988,16,1159.21,828.79
2026-02-27,华南,A型设备,线下,1833,15,1079.57,753.43
2026-02-27,华南,B型设备,代理商,2063,22,1542.39,520.61
2026-02-27,华南,C型设备,代理商,1864,15,1107.37,756.63
2026-02-27,华北,A型设备,线下,1989,24,1118.96,870.04
2026-02-27,华北,B型设备,代理商,2180,25,1419.44,760.56
2026-02-27,华北,C型设备,线上,2094,18,1259.05,834.95
2026-02-27,西南,A型设备,线下,2232,21,1389.2,842.8
2026-02-27,西南,B型设备,线下,2177,16,1499.05,677.95
2026-02-27,西南,C型设备,代理商,2146,19,1514.59,631.41
2026-02-28,华东,A型设备,线下,1817,16,1172.15,644.85
2026-02-28,华东,B型设备,线上,1856,22,1359.21,496.79
2026-02-28,华东,C型设备,线下,1742,17,1026.18,715.82
2026-02-28,华南,A型设备,线下,1753,21,1355.87,397.13
2026-02-28,华南,B型设备,线下,1950,12,1235.28,714.72
2026-02-28,华南,C型设备,代理商,2111,16,1324.13,786.87
2026-02-28,华北,A型设备,线下,1831,19,1184.88,646.12
2026-02-28,华北,B型设备,线下,2171,19,1387.47,783.53
2026-02-28,华北,C型设备,线上,2123,17,1283.46,839.54
2026-02-28,西南,A型设备,线上,2080,25,1307.34,772.66
2026-02-28,西南,B型设备,线下,2151,22,1228.88,922.12
2026-02-28,西南,C型设备,线下,2396,24,1623.64,772.36
2026-03-01,华东,A型设备,线上,1526,15,968.43,557.57
2026-03-01,华东,B型设备,代理商,1701,13,1181.77,519.23
2026-03-01,华东,C型设备,代理商,1690,14,1299.13,390.87
2026-03-01,华南,A型设备,代理商,1648,15,1231.76,416.24
2026-03-01,华南,B型设备,线下,1701,15,1168.7,532.3
2026-03-01,华南,C型设备,线下,2024,15,1362.1,661.9
2026-03-01,华北,A型设备,线上,1995,13,1194.77,800.23
2026-03-01,华北,B型设备,线下,2036,22,1373.89,662.11
2026-03-01,华北,C型设备,代理商,2061,24,1445.23,615.77
2026-03-01,西南,A型设备,代理商,1898,15,1050.45,847.55
2026-03-01,西南,B型设备,线上,1958,19,1426.43,531.57
2026-03-01,西南,C型设备,线上,2168,20,1522.87,645.13
2026-03-02,华东,A型设备,代理商,1444,9,1097.71,346.29
2026-03-02,华东,B型设备,线下,1652,15,933.64,718.36
2026-03-02,华东,C型设备,代理商,1635,15,1007.77,627.23
2026-03-02,华南,A型设备,线下,1754,15,1108.28,645.72
2026-03-02,华南,B型设备,线上,1961,12,1467.01,493.99
2026-03-02,华南,C型设备,代理商,1871,18,1041.78,829.22
2026-03-02,华北,A型设备,代理商,1869,14,1038.81,830.19
2026-03-02,华北,B型设备,线下,2016,18,1572.45,443.55
2026-03-02,华北,C型设备,线下,2050,12,1173.56,876.44
2026-03-02,西南,A型设备,代理商,1888,16,1434.72,453.28
2026-03-02,西南,B型设备,代理商,2032,23,1306.72,725.28
2026-03-02,西南,C型设备,线下,2092,15,1245.91,846.09
2026-03-03,华东,A型设备,代理商,1495,11,1076.12,418.88
2026-03-03,华东,B型设备,线上,1665,10,1160.19,504.81
2026-03-03,华东,C型设备,代理商,1885,17,1283.95,601.05
2026-03-03,华南,A型设备,代理商,1822,16,1390.02,431.98
2026-03-03,华南,B型设备,线上,1940,15,1484.5,455.5
2026-03-03,华南,C型设备,代理商,1882,22,1413.9,468.1
2026-03-03,华北,A型设备,代理商,2006,23,1552.74,453.26
2026-03-03,华北,B型设备,线上,1842,21,1348.4,493.6
2026-03-03,华北,C型设备,代理商,2052,22,1325.52,726.48
2026-03-03,西南,A型设备,线下,2037,12,1508.62,528.38
2026-03-03,西南,B型设备,线下,2195,24,1383.46,811.54
2026-03-03,西南,C型设备,代理商,2242,18,1589.74,652.26
2026-03-04,华东,A型设备,线上,1743,10,1140.17,602.83
2026-03-04,华东,B型设备,线上,1617,12,1139.69,477.31
2026-03-04,华东,C型设备,代理商,1852,17,1037.21,814.79
2026-03-04,华南,A型设备,线上,1848,16,1090.58,757.42
2026-03-04,华南,B型设备,线上,1978,17,1335.36,642.64
2026-03-04,华南,C型设备,线下,1772,17,1120.44,651.56
2026-03-04,华北,A型设备,线上,1749,16,1218.0,531.0
2026-03-04,华北,B型设备,线上,1861,13,1310.47,550.53
2026-03-04,华北,C型设备,线下,2005,25,1340.42,664.58
2026-03-04,西南,A型设备,线上,1910,15,1357.15,552.85
2026-03-04,西南,B型设备,线下,2004,12,1361.82,642.18
2026-03-04,西南,C型设备,线上,2344,24,1584.78,759.22
2026-03-05,华东,A型设备,线下,1507,9,1168.29,338.71
2026-03-05,华东,B型设备,线上,1623,17,1150.27,472.73
2026-03-05,华东,C型设备,线上,1792,12,1070.68,721.32
2026-03-05,华南,A型设备,代理商,1711,14,1018.62,692.38
2026-03-05,华南,B型设备,线上,1816,13,1400.98,415.02
2026-03-05,华南,C型设备,线下,1914,14,1259.01,654.99
2026-03-05,华北,A型设备,线上,1856,18,1258.8,597.2
2026-03-05,华北,B型设备,线下,1803,12,1403.08,399.92
2026-03-05,华北,C型设备,代理商,1930,15,1496.62,433.38
2026-03-05,西南,A型设备,线下,1983,21,1384.88,598.12
2026-03-05,西南,B型设备,线下,2188,21,1597.88,590.12
2026-03-05,西南,C型设备,代理商,2032,16,1547.36,484.64
2026-03-06,华东,A型设备,代理商,1700,10,1174.82,525.18
2026-03-06,华东,B型设备,代理商,1772,15,1006.45,765.55
2026-03-06,华东,C型设备,线上,1748,21,1272.76,475.24
2026-03-06,华南,A型设备,代理商,1845,14,1093.57,751.43
2026-03-06,华南,B型设备,代理商,2053,20,1177.4,875.6
2026-03-06,华南,C型设备,线上,2032,12,1270.27,761.73
2026-03-06,华北,A型设备,线上,2016,16,1215.55,800.45
2026-03-06,华北,B型设备,线下,2206,17,1638.39,567.61
2026-03-06,华北,C型设备,代理商,2136,24,1195.07,940.93
2026-03-06,西南,A型设备,线上,2295,17,1740.06,554.94
2026-03-06,西南,B型设备,线上,2317,17,1540.55,776.45
2026-03-06,西南,C型设备,线上,2307,14,1577.2,729.8
2026-03-07,华东,A型设备,线下,1632,14,959.02,672.98
2026-03-07,华东,B型设备,线上,1976,15,1127.55,848.45
2026-03-07,华东,C型设备,代理商,1965,13,1166.99,798.01
2026-03-07,华南,A型设备,代理商,1890,23,1053.42,836.58
2026-03-07,华南,B型设备,线上,2051,15,1195.58,855.42
2026-03-07,华南,C型设备,线下,1908,13,1361.32,546.68
2026-03-07,华北,A型设备,线上,1872,13,1033.39,838.61
2026-03-07,华北,B型设备,线下,2014,15,1244.69,769.31
2026-03-07,华北,C型设备,线下,2308,18,1570.66,737.34
2026-03-07,西南,A型设备,线下,2023,13,1263.26,759.74
2026-03-07,西南,B型设备,线上,2289,15,1737.36,551.64
2026-03-07,西南,C型设备,线上,2365,15,1637.93,727.07
2026-03-08,华东,A型设备,代理商,1615,10,1132.83,482.17
2026-03-08,华东,B型设备,线下,1828,13,1406.0,422.0
2026-03-08,华东,C型设备,代理商,1696,14,1270.32,425.68
2026-03-08,华南,A型设备,线上,1910,23,1423.07,486.93
2026-03-08,华南,B型设备,代理商,1905,21,1112.12,792.88
2026-03-08,华南,C型设备,线下,1956,12,1337.08,618.92
2026-03-08,华北,A型设备,线下,1910,12,1156.04,753.96
2026-03-08,华北,B型设备,线上,2018,17,1162.93,855.07
2026-03-08,华北,C型设备,线上,2009,13,1451.43,557.57
2026-03-08,西南,A型设备,代理商,1995,21,1183.3,811.7
2026-03-08,西南,B型设备,线下,2084,14,1255.0,829.0
2026-03-08,西南,C型设备,线上,2161,14,1473.2,687.8
2026-03-09,华东,A型设备,线下,1714,11,1166.17,547.83
2026-03-09,华东,B型设备,代理商,1579,11,917.22,661.78
2026-03-09,华东,C型设备,线上,1913,13,1366.57,546.43
2026-03-09,华南,A型设备,代理商,1912,13,1096.5,815.5
2026-03-09,华南,B型设备,线上,1882,12,1109.23,772.77
2026-03-09,华南,C型设备,线上,2060,14,1500.19,559.81
2026-03-09,华北,A型设备,线上,1923,12,1083.11,839.89
2026-03-09,华北,B型设备,代理商,1846,14,1033.02,812.98
2026-03-09,华北,C型设备,线上,2216,20,1453.1,762.9
2026-03-09,西南,A型设备,线上,1941,14,1473.15,467.85
2026-03-09,西南,B型设备,代理商,2280,21,1549.22,730.78
2026-03-09,西南,C型设备,线下,2233,22,1416.63,816.37
2026-03-10,华东,A型设备,线下,1463,13,845.94,617.06
2026-03-10,华东,B型设备,代理商,1810,12,1390.16,419.84
2026-03-10,华东,C型设备,线下,1888,22,1392.98,495.02
2026-03-10,华南,A型设备,代理商,1649,13,1115.11,533.89
2026-03-10,华南,B型设备,代理商,1745,20,1331.14,413.86
2026-03-10,华南,C型设备,代理商,1902,16,1201.12,700.88
2026-03-10,华北,A型设备,代理商,1966,23,1460.3,505.7
2026-03-10,华北,B型设备,线下,2053,21,1502.74,550.26
2026-03-10,华北,C型设备,线上,1974,22,1449.23,524.77
2026-03-10,西南,A型设备,代理商,1954,13,1493.15,460.85
2026-03-10,西南,B型设备,线下,2162,22,1481.65,680.35
2026-03-10,西南,C型设备,线上,2333,20,1792.25,540.75
2026-03-11,华东,A型设备,线下,1476,12,1149.41,326.59
2026-03-11,华东,B型设备,线上,1810,12,1358.95,451.05
2026-03-11,华东,C型设备,代理商,1682,16,1165.12,516.88
2026-03-11,华南,A型设备,线上,1911,14,1421.56,489.44
2026-03-11,华南,B型设备,代理商,1923,14,1159.03,763.97
2026-03-11,华南,C型设备,代理商,2048,23,1296.41,751.59
2026-03-11,华北,A型设备,代理商,1854,15,1400.91,453.09
2026-03-11,华北,B型设备,线下,2153,25,1288.82,864.18
2026-03-11,华北,C型设备,线下,2163,17,1476.72,686.28
2026-03-11,西南,A型设备,代理商,2065,17,1138.59,926.41
2026-03-11,西南,B型设备,线上,2221,18,1337.31,883.69
2026-03-11,西南,C型设备,线上,2299,14,1288.45,1010.55
2026-03-12,华东,A型设备,线上,1543,13,985.08,557.92
2026-03-12,华东,B型设备,代理商,1816,16,1147.84,668.16
2026-03-12,华东,C型设备,代理商,1920,12,1478.59,441.41
2026-03-12,华南,A型设备,线上,1627,10,1232.63,394.37
2026-03-12,华南,B型设备,代理商,1802,13,1253.5,548.5
2026-03-12,华南,C型设备,线上,1840,14,1347.13,492.87
2026-03-12,华北,A型设备,线下,1822,20,1129.49,692.51
2026-03-12,华北,B型设备,线上,2025,13,1511.13,513.87
2026-03-12,华北,C型设备,线下,2109,14,1507.11,601.89
2026-03-12,西南,A型设备,线下,1920,15,1352.65,567.35
2026-03-12,西南,B型设备,线上,2237,17,1690.42,546.58
2026-03-12,西南,C型设备,线上,2248,22,1306.52,941.48
2026-03-13,华东,A型设备,代理商,1828,13,1192.71,635.29
2026-03-13,华东,B型设备,线上,1840,18,1260.33,579.67
2026-03-13,华东,C型设备,代理商,1930,16,1173.42,756.58
2026-03-13,华南,A型设备,线上,2018,16,1144.01,873.99
2026-03-13,华南,B型设备,线下,2124,23,1453.95,670.05
2026-03-13,华南,C型设备,线下,2213,17,1719.76,493.24
2026-03-13,华北,A型设备,线下,2095,23,1556.32,538.68
2026-03-13,华北,B型设备,代理商,2055,17,1554.56,500.44
2026-03-13,华北,C型设备,线上,2067,20,1434.67,632.33
2026-03-13,西南,A型设备,线下,2026,18,1136.52,889.48
2026-03-13,西南,B型设备,代理商,2208,14,1357.93,850.07
2026-03-13,西南,C型设备,线上,2246,21,1360.18,885.82
2026-03-14,华东,A型设备,线上,1668,10,936.05,731.95
2026-03-14,华东,B型设备,线上,1986,16,1420.73,565.27
2026-03-14,华东,C型设备,线上,1878,16,1264.83,613.17
2026-03-14,华南,A型设备,线上,2069,17,1577.12,491.88
2026-03-14,华南,B型设备,线上,1996,16,1496.16,499.84
2026-03-14,华南,C型设备,线下,2170,16,1497.84,672.16
2026-03-14,华北,A型设备,线上,1971,22,1475.41,495.59
2026-03-14,华北,B型设备,线下,2016,12,1392.94,623.06
2026-03-14,华北,C型设备,线下,2368,18,1442.38,925.62
2026-03-14,西南,A型设备,代理商,2028,24,1546.99,481.01
2026-03-14,西南,B型设备,代理商,2272,26,1466.53,805.47
2026-03-14,西南,C型设备,线上,2370,23,1354.44,1015.56
2026-03-15,华东,A型设备,线上,1595,16,1071.49,523.51
2026-03-15,华东,B型设备,代理商,1761,13,1139.97,621.03
2026-03-15,华东,C型设备,代理商,1969,13,1152.42,816.58
2026-03-15,华南,A型设备,代理商,1922,15,1158.78,763.22
2026-03-15,华南,B型设备,代理商,1850,13,1342.29,507.71
2026-03-15,华南,C型设备,线下,1966,13,1523.25,442.75
2026-03-15,华北,A型设备,代理商,2054,17,1300.41,753.59
2026-03-15,华北,B型设备,代理商,1998,20,1215.12,782.88
2026-03-15,华北,C型设备,线下,2191,23,1535.31,655.69
2026-03-15,西南,A型设备,线上,1985,12,1195.92,789.08
2026-03-15,西南,B型设备,线上,2012,12,1168.68,843.32
2026-03-15,西南,C型设备,线上,2366,16,1412.82,953.18
2026-03-16,华东,A型设备,线上,1626,10,1031.03,594.97
2026-03-16,华东,B型设备,线下,1674,16,1124.18,549.82
2026-03-16,华东,C型设备,线下,1798,13,1395.13,402.87
2026-03-16,华南,A型设备,线下,1743,14,1319.86,423.14
2026-03-16,华南,B型设备,线上,1959,18,1223.36,735.64
2026-03-16,华南,C型设备,代理商,1869,23,1056.08,812.92
2026-03-16,华北,A型设备,代理商,1979,15,1115.75,863.25
2026-03-16,华北,B型设备,线下,2056,15,1559.71,496.29
2026-03-16,华北,C型设备,线上,2275,21,1267.32,1007.68
2026-03-16,西南,A型设备,线下,2048,15,1240.31,807.69
2026-03-16,西南,B型设备,代理商,2108,17,1527.47,580.53
2026-03-16,西南,C型设备,线下,2236,18,1682.07,553.93
2026-03-17,华东,A型设备,线下,1610,10,1178.34,431.66
2026-03-17,华东,B型设备,线下,1726,17,1275.95,450.05
2026-03-17,华东,C型设备,线上,1725,14,950.31,774.69
2026-03-17,华南,A型设备,代理商,1722,14,1217.52,504.48
2026-03-17,华南,B型设备,线上,1961,18,1339.8,621.2
2026-03-17,华南,C型设备,线下,2004,23,1461.63,542.37
2026-03-17,华北,A型设备,线下,1873,13,1402.34,470.66
2026-03-17,华北,B型设备,线上,1882,20,1100.86,781.14
2026-03-17,华北,C型设备,代理商,2028,17,1185.74,842.26
2026-03-17,西南,A型设备,线下,2100,22,1517.88,582.12
2026-03-17,西南,B型设备,代理商,2213,24,1427.97,785.03
2026-03-17,西南,C型设备,线上,2303,18,1785.56,517.44
2026-03-18,华东,A型设备,代理商,1805,16,1076.35,728.65
2026-03-18,华东,B型设备,代理商,1603,19,931.36,671.64
2026-03-18,华东,C型设备,线上,1804,11,1170.82,633.18
2026-03-18,华南,A型设备,线下,1656,19,1288.17,367.83
2026-03-18,华南,B型设备,线下,1769,18,1021.96,747.04
2026-03-18,华南,C型设备,线上,1895,12,1229.0,666.0
2026-03-18,华北,A型设备,代理商,1900,12,1109.65,790.35
2026-03-18,华北,B型设备,代理商,2155,14,1677.62,477.38
2026-03-18,华北,C型设备,线上,2147,15,1653.54,493.46
2026-03-18,西南,A型设备,线上,2104,19,1570.07,533.93
2026-03-18,西南,B型设备,线上,2053,18,1461.37,591.63
2026-03-18,西南,C型设备,线上,2241,19,1268.07,972.93
2026-03-19,华东,A型设备,代理商,1612,11,904.34,707.66
2026-03-19,华东,B型设备,代理商,1787,15,987.2,799.8
2026-03-19,华东,C型设备,代理商,1713,12,1156.47,556.53
2026-03-19,华南,A型设备,代理商,1821,13,1412.99,408.01
2026-03-19,华南,B型设备,代理商,1879,14,1215.81,663.19
2026-03-19,华南,C型设备,线下,2046,15,1583.14,462.86
2026-03-19,华北,A型设备,代理商,1989,15,1461.64,527.36
2026-03-19,华北,B型设备,线下,1884,17,1299.58,584.42
2026-03-19,华北,C型设备,线上,2284,17,1776.8,507.2
2026-03-19,西南,A型设备,线上,1991,21,1481.11,509.89
2026-03-19,西南,B型设备,线下,2047,15,1452.68,594.32
2026-03-19,西南,C型设备,线下,2442,17,1651.42,790.58
2026-03-20,华东,A型设备,代理商,1871,12,1029.45,841.55
2026-03-20,华东,B型设备,代理商,1968,13,1237.36,730.64
2026-03-20,华东,C型设备,代理商,2012,18,1488.37,523.63
2026-03-20,华南,A型设备,线下,1971,15,1406.9,564.1
2026-03-20,华南,B型设备,代理商,2137,18,1476.55,660.45
2026-03-20,华南,C型设备,代理商,2122,23,1474.04,647.96
2026-03-20,华北,A型设备,线下,2032,12,1475.31,556.69
2026-03-20,华北,B型设备,线下,2250,18,1507.66,742.34
2026-03-20,华北,C型设备,线上,2390,22,1863.88,526.12
2026-03-20,西南,A型设备,代理商,2328,18,1560.93,767.07
2026-03-20,西南,B型设备,线上,2234,17,1351.32,882.68
2026-03-20,西南,C型设备,代理商,2316,16,1368.46,947.54
2026-03-21,华东,A型设备,线下,1666,13,1062.39,603.61
2026-03-21,华东,B型设备,线下,1796,13,1051.35,744.65
2026-03-21,华东,C型设备,代理商,2016,21,1277.94,738.06
2026-03-21,华南,A型设备,代理商,2051,14,1270.7,780.3
2026-03-21,华南,B型设备,线下,1919,16,1230.03,688.97
2026-03-21,华南,C型设备,代理商,2021,14,1406.55,614.45
2026-03-21,华北,A型设备,代理商,2013,13,1176.54,836.46
2026-03-21,华北,B型设备,代理商,2080,16,1377.83,702.17
2026-03-21,华北,C型设备,线下,2225,13,1413.49,811.51
2026-03-21,西南,A型设备,线上,2259,20,1251.68,1007.32
2026-03-21,西南,B型设备,代理商,2154,14,1313.34,840.66
2026-03-21,西南,C型设备,线下,2335,19,1669.95,665.05
2026-03-22,华东,A型设备,线下,1695,15,1026.53,668.47
2026-03-22,华东,B型设备,线上,1666,11,1160.06,505.94
2026-03-22,华东,C型设备,线下,1813,18,1173.6,639.4
2026-03-22,华南,A型设备,代理商,1986,15,1512.78,473.22
2026-03-22,华南,B型设备,代理商,1986,15,1260.02,725.98
2026-03-22,华南,C型设备,代理商,2001,15,1298.89,702.11
2026-03-22,华北,A型设备,代理商,1941,15,1174.08,766.92
2026-03-22,华北,B型设备,代理商,1966,12,1167.94,798.06
2026-03-22,华北,C型设备,线上,2287,18,1291.18,995.82
2026-03-22,西南,A型设备,线下,2118,23,1203.84,914.16
2026-03-22,西南,B型设备,线下,2234,17,1498.87,735.13
2026-03-22,西南,C型设备,代理商,2459,29,1413.42,1045.58
2026-03-23,华东,A型设备,线下,1772,12,1260.28,511.72
2026-03-23,华东,B型设备,线上,1838,13,1085.4,752.6
2026-03-23,华东,C型设备,代理商,1941,14,1286.87,654.13
2026-03-23,华南,A型设备,线下,1680,15,1210.11,469.89
2026-03-23,华南,B型设备,线下,2043,24,1558.66,484.34
2026-03-23,华南,C型设备,线下,2139,17,1554.89,584.11
2026-03-23,华北,A型设备,线上,1876,20,1127.03,748.97
2026-03-23,华北,B型设备,线上,2198,27,1260.32,937.68
2026-03-23,华北,C型设备,代理商,2106,13,1378.34,727.66
2026-03-23,西南,A型设备,线上,2058,16,1360.42,697.58
2026-03-23,西南,B型设备,线上,2327,17,1731.36,595.64
2026-03-23,西南,C型设备,线上,2344,27,1759.28,584.72
2026-03-24,华东,A型设备,线上,3582.6,29,2127.2,1455.4
2026-03-24,华东,B型设备,线下,1727,11,1058.95,668.05
2026-03-24,华东,C型设备,代理商,1766,14,1127.16,638.84
2026-03-24,华南,A型设备,线下,1834,12,1175.23,658.77
2026-03-24,华南,B型设备,线下,1798,15,1114.82,683.18
2026-03-24,华南,C型设备,线上,2085,13,1270.03,814.97
2026-03-24,华北,A型设备,代理商,1889,21,1129.11,759.89
2026-03-24,华北,B型设备,代理商,2103,15,1474.11,628.89
2026-03-24,华北,C型设备,线下,2300,23,1458.47,841.53
2026-03-24,西南,A型设备,代理商,2064,14,1571.65,492.35
2026-03-24,西南,B型设备,线上,2078,17,1146.97,931.03
2026-03-24,西南,C型设备,线上,2351,15,1738.28,612.72
2026-03-25,华东,A型设备,线下,1688,15,1237.47,450.53
2026-03-25,华东,B型设备,代理商,1740,16,1278.15,461.85
2026-03-25,华东,C型设备,代理商,2040,14,1312.5,727.5
2026-03-25,华南,A型设备,线上,1915,18,1439.99,475.01
2026-03-25,华南,B型设备,线上,1870,13,1397.58,472.42
2026-03-25,华南,C型设备,线上,1893,19,1416.73,476.27
2026-03-25,华北,A型设备,代理商,2133,14,1261.54,871.46
2026-03-25,华北,B型设备,代理商,2205,21,1465.42,739.58
2026-03-25,华北,C型设备,线上,2158,20,1452.17,705.83
2026-03-25,西南,A型设备,线下,2042,19,1365.55,676.45
2026-03-25,西南,B型设备,线上,2106,20,1538.18,567.82
2026-03-25,西南,C型设备,线下,2360,21,1655.64,704.36
2026-03-26,华东,A型设备,线上,1780,13,1042.39,737.61
2026-03-26,华东,B型设备,线下,1712,20,1004.66,707.34
2026-03-26,华东,C型设备,线下,1884,17,1415.23,468.77
2026-03-26,华南,A型设备,线下,1981,20,1230.6,750.4
2026-03-26,华南,B型设备,线上,1950,13,1449.83,500.17
2026-03-26,华南,C型设备,线下,1992,15,1541.93,450.07
2026-03-26,华北,A型设备,线上,2028,20,1414.29,613.71
2026-03-26,华北,B型设备,线上,2203,24,1312.05,890.95
2026-03-26,华北,C型设备,线下,2108,15,1320.94,787.06
2026-03-26,西南,A型设备,线上,2032,24,1504.81,527.19
2026-03-26,西南,B型设备,线下,2171,14,1456.87,714.13
2026-03-26,西南,C型设备,线下,2404,19,1332.03,1071.97
2026-03-27,华东,A型设备,线下,1727,16,1142.39,584.61
2026-03-27,华东,B型设备,线上,2076,13,1399.98,676.02
2026-03-27,华东,C型设备,线上,1963,20,1292.06,670.94
2026-03-27,华南,A型设备,代理商,2116,17,1179.57,936.43
2026-03-27,华南,B型设备,线上,1961,24,1233.84,727.16
2026-03-27,华南,C型设备,线下,2153,25,1269.31,883.69
2026-03-27,华北,A型设备,代理商,2190,15,1329.11,860.89
2026-03-27,华北,B型设备,线下,2236,21,1286.19,949.81
2026-03-27,华北,C型设备,代理商,2175,14,1423.86,751.14
2026-03-27,西南,A型设备,代理商,2382,25,1741.81,640.19
2026-03-27,西南,B型设备,线上,2391,17,1334.79,1056.21
2026-03-27,西南,C型设备,代理商,2542,16,1454.94,1087.06
2026-03-28,华东,A型设备,线下,1753,13,1197.19,555.81
2026-03-28,华东,B型设备,代理商,1815,14,1302.0,513.0
2026-03-28,华东,C型设备,线上,1949,15,1148.02,800.98
2026-03-28,华南,A型设备,线下,1995,24,1483.74,511.26
2026-03-28,华南,B型设备,线上,2071,20,1263.51,807.49
2026-03-28,华南,C型设备,线下,2128,22,1245.32,882.68
2026-03-28,华北,A型设备,线下,2240,15,1292.58,947.42
2026-03-28,华北,B型设备,线上,2181,21,1484.66,696.34
2026-03-28,华北,C型设备,线上,2405,21,1525.7,879.3
2026-03-28,西南,A型设备,线上,2251,17,1525.54,725.46
2026-03-28,西南,B型设备,线上,2318,15,1542.43,775.57
2026-03-28,西南,C型设备,线下,2293,24,1758.64,534.36
2026-03-29,华东,A型设备,线上,1864,17,1320.57,543.43
2026-03-29,华东,B型设备,线下,1706,16,998.59,707.41
2026-03-29,华东,C型设备,代理商,1767,13,1131.68,635.32
2026-03-29,华南,A型设备,线上,1768,15,1204.11,563.89
2026-03-29,华南,B型设备,线上,1845,11,1107.1,737.9
2026-03-29,华南,C型设备,线上,2196,15,1566.81,629.19
2026-03-29,华北,A型设备,线上,1977,22,1359.8,617.2
2026-03-29,华北,B型设备,代理商,1963,18,1358.78,604.22
2026-03-29,华北,C型设备,线下,2121,17,1333.42,787.58
2026-03-29,西南,A型设备,线下,2295,22,1267.93,1027.07
2026-03-29,西南,B型设备,线上,2290,27,1305.88,984.12
2026-03-29,西南,C型设备,线上,2247,15,1586.66,660.34
2026-03-30,华东,A型设备,线上,1754,18,1046.89,707.11
2026-03-30,华东,B型设备,线下,1837,20,1431.72,405.28
2026-03-30,华东,C型设备,线下,1777,12,1192.15,584.85
2026-03-30,华南,A型设备,线上,1753,11,1220.74,532.26
2026-03-30,华南,B型设备,线下,2128,24,1584.33,543.67
2026-03-30,华南,C型设备,线下,1945,15,1330.46,614.54
2026-03-30,华北,A型设备,代理商,2112,21,1287.56,824.44
2026-03-30,华北,B型设备,代理商,2103,24,1516.98,586.02
2026-03-30,华北,C型设备,代理商,2340,23,1521.29,818.71
2026-03-30,西南,A型设备,代理商,2260,19,1631.82,628.18
2026-03-30,西南,B型设备,线下,2360,14,1360.88,999.12
2026-03-30,西南,C型设备,线下,2296,20,1367.37,928.63
2026-03-31,华东,A型设备,代理商,1871,17,1406.69,464.31
2026-03-31,华东,B型设备,线下,1699,13,1193.77,505.23
2026-03-31,华东,C型设备,线下,2084,16,1542.01,541.99
2026-03-31,华南,A型设备,线下,1768,16,1237.72,530.28
2026-03-31,华南,B型设备,线上,2118,15,1551.18,566.82
2026-03-31,华南,C型设备,线上,2057,14,1417.03,639.97
2026-03-31,华北,A型设备,线下,2107,15,1357.93,749.07
2026-03-31,华北,B型设备,线上,2188,22,1372.2,815.8
2026-03-31,华北,C型设备,线下,2086,16,1336.27,749.73
2026-03-31,西南,A型设备,线上,2321,27,1432.5,888.5
2026-03-31,西南,B型设备,线下,2232,21,1587.56,644.44
2026-03-31,西南,C型设备,线上,2392,16,1759.65,632.35
2026-04-01,华东,A型设备,线上,1700,10,951.23,748.77
2026-04-01,华东,B型设备,线上,1879,16,1177.22,701.78
2026-04-01,华东,C型设备,代理商,1955,19,1176.06,778.94
2026-04-01,华南,A型设备,代理商,1931,16,1283.97,647.03
2026-04-01,华南,B型设备,线上,2130,20,1591.22,538.78
2026-04-01,华南,C型设备,线上,2110,14,1164.9,945.1
2026-04-01,华北,A型设备,代理商,1923,17,1258.7,664.3
2026-04-01,华北,B型设备,代理商,2088,16,1473.16,614.84
2026-04-01,华北,C型设备,线下,2313,18,1343.99,969.01
2026-04-01,西南,A型设备,线下,2223,24,1485.59,737.41
2026-04-01,西南,B型设备,线下,2327,20,1792.5,534.5
2026-04-01,西南,C型设备,代理商,2346,14,1660.62,685.38
2026-04-02,华东,A型设备,代理商,1626,11,1078.8,547.2
2026-04-02,华东,B型设备,代理商,1695,19,1273.45,421.55
2026-04-02,华东,C型设备,线下,1836,12,1169.07,666.93
2026-04-02,华南,A型设备,代理商,1998,20,1433.84,564.16
2026-04-02,华南,B型设备,线下,2060,24,1582.27,477.73
2026-04-02,华南,C型设备,线下,1986,24,1527.6,458.4
2026-04-02,华北,A型设备,代理商,1949,18,1335.33,613.67
2026-04-02,华北,B型设备,线上,2226,26,1735.11,490.89
2026-04-02,华北,C型设备,线上,2357,20,1636.41,720.59
2026-04-02,西南,A型设备,代理商,2165,14,1203.6,961.4
2026-04-02,西南,B型设备,代理商,2314,25,1701.09,612.91
2026-04-02,西南,C型设备,代理商,2523,19,1673.73,849.27
2026-04-03,华东,A型设备,代理商,1906,16,1190.42,715.58
2026-04-03,华东,B型设备,线下,2065,24,1512.7,552.3
2026-04-03,华东,C型设备,线上,1973,18,1319.3,653.7
2026-04-03,华南,A型设备,线上,1945,16,1400.05,544.95
2026-04-03,华南,B型设备,线下,2111,24,1446.19,664.81
2026-04-03,华南,C型设备,线下,2226,21,1363.74,862.26
2026-04-03,华北,A型设备,线下,2103,13,1311.87,791.13
2026-04-03,华北,B型设备,线下,2298,24,1624.13,673.87
2026-04-03,华北,C型设备,线下,2383,19,1521.95,861.05
2026-04-03,西南,A型设备,代理商,2278,24,1359.77,918.23
2026-04-03,西南,B型设备,代理商,2462,17,1828.12,633.88
2026-04-03,西南,C型设备,线下,2403,20,1345.94,1057.06
2026-04-04,华东,A型设备,代理商,2002,14,1405.63,596.37
2026-04-04,华东,B型设备,线下,2028,22,1243.85,784.15
2026-04-04,华东,C型设备,代理商,2110,14,1554.07,555.93
2026-04-04,华南,A型设备,线上,1930,17,1261.1,668.9
2026-04-04,华南,B型设备,代理商,1979,13,1464.71,514.29
2026-04-04,华南,C型设备,线下,2204,17,1517.44,686.56
2026-04-04,华北,A型设备,代理商,2143,19,1615.3,527.7
2026-04-04,华北,B型设备,线下,2147,13,1515.69,631.31
2026-04-04,华北,C型设备,线上,2244,18,1319.84,924.16
2026-04-04,西南,A型设备,线下,2472,26,1800.01,671.99
2026-04-04,西南,B型设备,线下,2412,18,1544.38,867.62
2026-04-04,西南,C型设备,线上,2507,24,1789.49,717.51
2026-04-05,华东,A型设备,线下,1886,12,1216.73,669.27
2026-04-05,华东,B型设备,线上,1772,16,1112.65,659.35
2026-04-05,华东,C型设备,代理商,2005,22,1334.31,670.69
2026-04-05,华南,A型设备,线上,1874,12,1217.14,656.86
2026-04-05,华南,B型设备,代理商,2137,18,1561.29,575.71
2026-04-05,华南,C型设备,线上,2001,20,1202.8,798.2
2026-04-05,华北,A型设备,线上,2150,22,1626.73,523.27
2026-04-05,华北,B型设备,代理商,2179,18,1264.24,914.76
2026-04-05,华北,C型设备,代理商,2270,14,1716.44,553.56
2026-04-05,西南,A型设备,代理商,2068,13,1425.09,642.91
2026-04-05,西南,B型设备,线上,2263,14,1355.56,907.44
2026-04-05,西南,C型设备,代理商,2372,25,1500.86,871.14
2026-04-06,华东,A型设备,代理商,1660,13,921.9,738.1
2026-04-06,华东,B型设备,线下,1746,18,1297.06,448.94
2026-04-06,华东,C型设备,线上,1911,23,1252.24,658.76
2026-04-06,华南,A型设备,线下,1988,17,1323.56,664.44
2026-04-06,华南,B型设备,线上,2152,14,1478.43,673.57
2026-04-06,华南,C型设备,线上,1960,13,1450.99,509.01
2026-04-06,华北,A型设备,线下,2147,19,1326.1,820.9
2026-04-06,华北,B型设备,线上,2159,14,1469.73,689.27
2026-04-06,华北,C型设备,代理商,2364,22,1453.37,910.63
2026-04-06,西南,A型设备,线上,2314,27,1391.38,922.62
2026-04-06,西南,B型设备,线下,2144,14,1311.38,832.62
2026-04-06,西南,C型设备,线上,2252,14,1380.38,871.62
2026-04-07,华东,A型设备,代理商,1925,20,1235.91,689.09
2026-04-07,华东,B型设备,线上,2017,15,1214.32,802.68
2026-04-07,华东,C型设备,线下,1996,13,1249.03,746.97
2026-04-07,华南,A型设备,线下,1802,12,1229.66,572.34
2026-04-07,华南,B型设备,线下,2088,13,1366.74,721.26
2026-04-07,华南,C型设备,线上,2261,21,1301.73,959.27
2026-04-07,华北,A型设备,代理商,2050,19,1163.55,886.45
2026-04-07,华北,B型设备,代理商,2004,14,1460.53,543.47
2026-04-07,华北,C型设备,代理商,2186,19,1303.45,882.55
2026-04-07,西南,A型设备,代理商,2197,26,1673.21,523.79
2026-04-07,西南,B型设备,线上,2449,29,1382.28,1066.72
2026-04-07,西南,C型设备,代理商,2439,30,1810.12,628.88
2026-04-08,华东,A型设备,线下,1954,13,1193.25,760.75
2026-04-08,华东,B型设备,线下,2043,20,1389.31,653.69
2026-04-08,华东,C型设备,代理商,1993,16,1144.4,848.6
2026-04-08,华南,A型设备,线上,1861,14,1203.76,657.24
2026-04-08,华南,B型设备,线上,2094,22,1316.87,777.13
2026-04-08,华南,C型设备,线上,2138,15,1414.9,723.1
2026-04-08,华北,A型设备,线上,2084,17,1374.47,709.53
2026-04-08,华北,B型设备,代理商,2057,13,1397.91,659.09
2026-04-08,华北,C型设备,代理商,2291,21,1446.49,844.51
2026-04-08,西南,A型设备,代理商,2062,19,1470.93,591.07
2026-04-08,西南,B型设备,线下,2365,18,1388.3,976.7
2026-04-08,西南,C型设备,线上,2300,23,1271.81,1028.19
2026-04-09,华东,A型设备,线上,1937,13,1234.16,702.84
2026-04-09,华东,B型设备,线上,1772,12,1292.65,479.35
2026-04-09,华东,C型设备,线下,2111,14,1604.77,506.23
2026-04-09,华南,A型设备,线下,1951,12,1324.15,626.85
2026-04-09,华南,B型设备,线上,2116,19,1167.37,948.63
2026-04-09,华南,C型设备,线上,2139,16,1609.68,529.32
2026-04-09,华北,A型设备,线下,2220,23,1703.43,516.57
2026-04-09,华北,B型设备,代理商,2241,14,1534.35,706.65
2026-04-09,华北,C型设备,代理商,2323,26,1582.28,740.72
2026-04-09,西南,A型设备,代理商,2085,14,1227.78,857.22
2026-04-09,西南,B型设备,线下,2270,16,1609.81,660.19
2026-04-09,西南,C型设备,线下,2548,26,1470.78,1077.22
2026-04-10,华东,A型设备,线上,2070,16,1168.37,901.63
2026-04-10,华东,B型设备,代理商,1971,24,1261.89,709.11
2026-04-10,华东,C型设备,线上,2058,24,1246.74,811.26
2026-04-10,华南,A型设备,线下,1904,22,1251.5,652.5
2026-04-10,华南,B型设备,线上,2117,19,1541.87,575.13
2026-04-10,华南,C型设备,线下,2368,15,1803.08,564.92
2026-04-10,华北,A型设备,线下,2065,20,1357.99,707.01
2026-04-10,华北,B型设备,代理商,2187,23,1296.88,890.12
2026-04-10,华北,C型设备,线上,2307,14,1540.59,766.41
2026-04-10,西南,A型设备,线上,2445,19,1860.06,584.94
2026-04-10,西南,B型设备,线上,2310,27,1565.85,744.15
2026-04-10,西南,C型设备,代理商,2621,17,1815.21,805.79
2026-04-11,华东,A型设备,代理商,2045,22,1456.78,588.22
2026-04-11,华东,B型设备,线下,2139,13,1319.6,819.4
2026-04-11,华东,C型设备,线上,1953,12,1408.79,544.21
2026-04-11,华南,A型设备,线下,2005,13,1477.0,528.0
2026-04-11,华南,B型设备,代理商,2106,22,1501.3,604.7
2026-04-11,华南,C型设备,代理商,2196,16,1704.45,491.55
2026-04-11,华北,A型设备,代理商,2094,14,1401.98,692.02
2026-04-11,华北,B型设备,线上,2188,24,1570.85,617.15
2026-04-11,华北,C型设备,线下,2275,17,1394.62,880.38
2026-04-11,西南,A型设备,代理商,2341,23,1553.61,787.39
2026-04-11,西南,B型设备,线上,2451,23,1351.96,1099.04
2026-04-11,西南,C型设备,代理商,2392,25,1691.29,700.71
2026-04-12,华东,A型设备,线下,1765,12,1127.19,637.81
2026-04-12,华东,B型设备,代理商,2058,13,1438.9,619.1
2026-04-12,华东,C型设备,代理商,1876,22,1393.03,482.97
2026-04-12,华南,A型设备,线下,1811,18,1350.09,460.91
2026-04-12,华南,B型设备,线下,1914,18,1325.07,588.93
2026-04-12,华南,C型设备,线下,2202,19,1568.91,633.09
2026-04-12,华北,A型设备,线下,2089,16,1162.57,926.43
2026-04-12,华北,B型设备,代理商,2074,20,1351.96,722.04
2026-04-12,华北,C型设备,线下,2358,14,1750.74,607.26
2026-04-12,西南,A型设备,代理商,2216,19,1225.51,990.49
2026-04-12,西南,B型设备,线下,2176,17,1312.3,863.7
2026-04-12,西南,C型设备,线上,2424,30,1762.72,661.28
2026-04-13,华东,A型设备,线上,1837,20,1235.13,601.87
2026-04-13,华东,B型设备,线下,1770,14,1146.52,623.48
2026-04-13,华东,C型设备,线下,2029,23,1366.68,662.32
2026-04-13,华南,A型设备,代理商,1884,17,1266.26,617.74
2026-04-13,华南,B型设备,线下,2167,19,1659.33,507.67
2026-04-13,华南,C型设备,线上,2247,14,1282.18,964.82
2026-04-13,华北,A型设备,线上,2053,17,1485.69,567.31
2026-04-13,华北,B型设备,线上,2165,16,1547.19,617.81
2026-04-13,华北,C型设备,线上,2434,17,1682.58,751.42
2026-04-13,西南,A型设备,线下,2227,17,1352.13,874.87
2026-04-13,西南,B型设备,线上,2186,24,1549.8,636.2
2026-04-13,西南,C型设备,代理商,2590,22,1792.81,797.19
2026-04-14,华东,A型设备,线上,1997,12,1163.58,833.42
2026-04-14,华东,B型设备,线下,2064,23,1465.09,598.91
2026-04-14,华东,C型设备,代理商,1887,21,1354.5,532.5
2026-04-14,华南,A型设备,线上,1815,20,1149.16,665.84
2026-04-14,华南,B型设备,代理商,2183,23,1563.38,619.62
2026-04-14,华南,C型设备,线下,2249,19,1713.21,535.79
2026-04-14,华北,A型设备,线下,2039,22,1241.01,797.99
2026-04-14,华北,B型设备,代理商,2247,22,1465.79,781.21
2026-04-14,华北,C型设备,线上,2176,15,1368.14,807.86
2026-04-14,西南,A型设备,线上,2103,16,1557.51,545.49
2026-04-14,西南,B型设备,代理商,2232,21,1639.76,592.24
2026-04-14,西南,C型设备,线上,2439,21,1691.99,747.01
2026-04-15,华东,A型设备,代理商,1711,18,1003.24,707.76
2026-04-15,华东,B型设备,线上,2064,17,1449.09,614.91
2026-04-15,华东,C型设备,线上,1877,19,1240.17,636.83
2026-04-15,华南,A型设备,代理商,2010,17,1407.02,602.98
2026-04-15,华南,B型设备,线下,2202,20,1242.53,959.47
2026-04-15,华南,C型设备,线上,2001,17,1492.92,508.08
2026-04-15,华北,A型设备,线上,2135,16,1440.49,694.51
2026-04-15,华北,B型设备,线下,2114,16,1545.83,568.17
2026-04-15,华北,C型设备,代理商,2323,18,1366.47,956.53
2026-04-15,西南,A型设备,线上,2151,19,1632.88,518.12
2026-04-15,西南,B型设备,线上,2330,18,1781.1,548.9
2026-04-15,西南,C型设备,线下,2388,22,1800.37,587.63
2026-04-16,华东,A型设备,线下,1867,16,1302.28,564.72
2026-04-16,华东,B型设备,代理商,1904,23,1069.35,834.65
2026-04-16,华东,C型设备,线上,2053,16,1240.03,812.97
2026-04-16,华南,A型设备,线上,2061,15,1364.61,696.39
2026-04-16,华南,B型设备,线上,2145,14,1530.78,614.22
2026-04-16,华南,C型设备,线上,2207,23,1460.02,746.98
2026-04-16,华北,A型设备,线上,2078,15,1353.32,724.68
2026-04-16,华北,B型设备,线下,2147,24,1312.25,834.75
2026-04-16,华北,C型设备,代理商,2380,21,1821.69,558.31
2026-04-16,西南,A型设备,线下,2129,23,1420.35,708.65
2026-04-16,西南,B型设备,线下,2300,15,1588.29,711.71
2026-04-16,西南,C型设备,代理商,2336,26,1791.83,544.17
2026-04-17,华东,A型设备,代理商,1834,16,1228.7,605.3
2026-04-17,华东,B型设备,线下,2057,19,1179.37,877.63
2026-04-17,华东,C型设备,线下,2121,15,1617.35,503.65
2026-04-17,华南,A型设备,代理商,2013,22,1480.66,532.34
2026-04-17,华南,B型设备,代理商,2198,23,1312.7,885.3
2026-04-17,华南,C型设备,线下,2310,26,1334.1,975.9
2026-04-17,华北,A型设备,线上,2332,20,1379.13,952.87
2026-04-17,华北,B型设备,代理商,2497,17,1891.76,605.24
2026-04-17,华北,C型设备,线上,2506,29,1687.89,818.11
2026-04-17,西南,A型设备,线下,2481,15,1444.04,1036.96
2026-04-17,西南,B型设备,线下,2390,18,1756.26,633.74
2026-04-17,西南,C型设备,代理商,2427,19,1701.29,725.71
2026-04-18,华东,A型设备,线下,1905,17,1054.61,850.39
2026-04-18,华东,B型设备,线上,1943,14,1165.61,777.39
2026-04-18,华东,C型设备,线上,2138,15,1655.57,482.43
2026-04-18,华南,A型设备,线上,2107,17,1441.52,665.48
2026-04-18,华南,B型设备,线上,2247,27,1586.83,660.17
2026-04-18,华南,C型设备,线下,2316,16,1397.97,918.03
2026-04-18,华北,A型设备,代理商,2283,15,1703.69,579.31
2026-04-18,华北,B型设备,线上,2433,22,1685.78,747.22
2026-04-18,华北,C型设备,线下,2370,16,1413.56,956.44
2026-04-18,西南,A型设备,线下,2370,21,1834.94,535.06
2026-04-18,西南,B型设备,线下,2338,17,1381.35,956.65
2026-04-18,西南,C型设备,线上,2423,15,1541.05,881.95
2026-04-19,华东,A型设备,线下,1820,22,1065.8,754.2
2026-04-19,华东,B型设备,代理商,2098,15,1383.14,714.86
2026-04-19,华东,C型设备,代理商,2075,21,1265.85,809.15
2026-04-19,华南,A型设备,线上,1899,16,1463.86,435.14
2026-04-19,华南,B型设备,线下,1998,13,1161.06,836.94
2026-04-19,华南,C型设备,线上,2047,20,1236.17,810.83
2026-04-19,华北,A型设备,线下,2019,13,1490.96,528.04
2026-04-19,华北,B型设备,线上,2197,14,1542.72,654.28
2026-04-19,华北,C型设备,线下,2295,17,1312.31,982.69
2026-04-19,西南,A型设备,线上,2171,26,1645.43,525.57
2026-04-19,西南,B型设备,线下,2355,23,1766.73,588.27
2026-04-19,西南,C型设备,线下,2335,15,1486.64,848.36
2026-04-20,华东,A型设备,线上,1966,12,1134.02,831.98
2026-04-20,华东,B型设备,线下,2049,13,1403.25,645.75
2026-04-20,华东,C型设备,线上,2151,14,1278.38,872.62
2026-04-20,华南,A型设备,线上,2147,19,1462.48,684.52
2026-04-20,华南,B型设备,代理商,2064,18,1330.8,733.2
2026-04-20,华南,C型设备,线上,2155,24,1532.72,622.28
2026-04-20,华北,A型设备,线下,2303,16,1379.12,923.88
2026-04-20,华北,B型设备,代理商,2078,15,1370.09,707.91
2026-04-20,华北,C型设备,线上,2256,16,1738.14,517.86
2026-04-20,西南,A型设备,线上,2344,25,1805.63,538.37
2026-04-20,西南,B型设备,线上,2491,18,1599.82,891.18
2026-04-20,西南,C型设备,线下,2423,19,1742.41,680.59
2026-04-21,华东,A型设备,线上,1904,13,1383.03,520.97
2026-04-21,华东,B型设备,线上,1913,17,1438.86,474.14
2026-04-21,华东,C型设备,线下,1908,13,1109.08,798.92
2026-04-21,华南,A型设备,线下,2165,16,1512.61,652.39
2026-04-21,华南,B型设备,代理商,2238,16,1715.98,522.02
2026-04-21,华南,C型设备,线下,2307,18,1451.97,855.03
2026-04-21,华北,A型设备,代理商,2151,21,1584.46,566.54
2026-04-21,华北,B型设备,线上,2089,20,1338.27,750.73
2026-04-21,华北,C型设备,代理商,2492,21,1849.5,642.5
2026-04-21,西南,A型设备,线上,2234,20,1590.89,643.11
2026-04-21,西南,B型设备,线上,2409,20,1684.39,724.61
2026-04-21,西南,C型设备,代理商,2343,15,1533.8,809.2
2026-04-22,华东,A型设备,线上,2017,23,1201.35,815.65
2026-04-22,华东,B型设备,代理商,2110,14,1360.57,749.43
2026-04-22,华东,C型设备,线上,2035,24,1152.04,882.96
2026-04-22,华南,A型设备,线上,1944,21,1380.34,563.66
2026-04-22,华南,B型设备,代理商,2034,18,1200.35,833.65
2026-04-22,华南,C型设备,线上,2157,26,1198.23,958.77
2026-04-22,华北,A型设备,线下,2041,19,1192.31,848.69
2026-04-22,华北,B型设备,线下,2123,14,1338.03,784.97
2026-04-22,华北,C型设备,线下,2389,16,1794.6,594.4
2026-04-22,西南,A型设备,线下,2164,24,1321.59,842.41
2026-04-22,西南,B型设备,代理商,2272,25,1575.71,696.29
2026-04-22,西南,C型设备,代理商,2450,25,1793.65,656.35
2026-04-23,华东,A型设备,线上,1890,15,1257.61,632.39
2026-04-23,华东,B型设备,代理商,1908,12,1457.07,450.93
2026-04-23,华东,C型设备,线下,1928,19,1432.42,495.58
2026-04-23,华南,A型设备,线上,2059,17,1472.0,587.0
2026-04-23,华南,B型设备,线上,2111,23,1550.44,560.56
2026-04-23,华南,C型设备,代理商,2075,13,1213.91,861.09
2026-04-23,华北,A型设备,线上,2233,16,1634.54,598.46
2026-04-23,华北,B型设备,线下,2410,26,1782.72,627.28
2026-04-23,华北,C型设备,线上,2471,18,1437.6,1033.4
2026-04-23,西南,A型设备,代理商,2440,22,1402.55,1037.45
2026-04-23,西南,B型设备,代理商,2466,22,1782.16,683.84
2026-04-23,西南,C型设备,代理商,2538,17,1707.12,830.88
2026-04-24,华东,A型设备,线上,1877,22,1131.12,745.88
2026-04-24,华东,B型设备,代理商,2051,14,1265.23,785.77
2026-04-24,华东,C型设备,线上,2260,14,1342.98,917.02
2026-04-24,华南,A型设备,线下,2092,17,1629.52,462.48
2026-04-24,华南,B型设备,线下,2145,21,1210.35,934.65
2026-04-24,华南,C型设备,代理商,2341,19,1501.05,839.95
2026-04-24,华北,A型设备,线下,2284,26,1663.13,620.87
2026-04-24,华北,B型设备,代理商,2263,19,1270.19,992.81
2026-04-24,华北,C型设备,代理商,2429,24,1433.88,995.12
2026-04-24,西南,A型设备,线下,2393,17,1332.79,1060.21
2026-04-24,西南,B型设备,线下,2419,16,1730.13,688.87
2026-04-24,西南,C型设备,线上,2691,18,1672.39,1018.61
2026-04-25,华东,A型设备,线下,1908,21,1323.12,584.88
2026-04-25,华东,B型设备,代理商,2191,24,1332.34,858.66
2026-04-25,华东,C型设备,线下,2296,21,1500.24,795.76
2026-04-25,华南,A型设备,代理商,2208,17,1486.08,721.92
2026-04-25,华南,B型设备,线下,2245,14,1261.11,983.89
2026-04-25,华南,C型设备,代理商,2218,19,1287.77,930.23
2026-04-25,华北,A型设备,代理商,2200,25,1445.73,754.27
2026-04-25,华北,B型设备,代理商,2241,18,1571.51,669.49
2026-04-25,华北,C型设备,线上,2488,18,1665.85,822.15
2026-04-25,西南,A型设备,代理商,2475,26,1768.76,706.24
2026-04-25,西南,B型设备,代理商,2390,28,1472.83,917.17
2026-04-25,西南,C型设备,线上,2523,17,1449.48,1073.52
2026-04-26,华东,A型设备,代理商,1901,19,1403.44,497.56
2026-04-26,华东,B型设备,线下,2038,20,1233.24,804.76
2026-04-26,华东,C型设备,线上,2138,17,1354.12,783.88
2026-04-26,华南,A型设备,线下,2114,14,1219.58,894.42
2026-04-26,华南,B型设备,线上,2167,15,1304.73,862.27
2026-04-26,华南,C型设备,线下,2369,20,1716.38,652.62
2026-04-26,华北,A型设备,线下,2123,22,1533.38,589.62
2026-04-26,华北,B型设备,线上,2164,14,1358.85,805.15
2026-04-26,华北,C型设备,代理商,2214,19,1478.84,735.16
2026-04-26,西南,A型设备,线上,2236,14,1395.01,840.99
2026-04-26,西南,B型设备,线上,2424,23,1700.97,723.03
2026-04-26,西南,C型设备,线上,2340,21,1596.41,743.59
2026-04-27,华东,A型设备,线上,1876,11,1048.78,827.22
2026-04-27,华东,B型设备,线下,2003,18,1492.54,510.46
2026-04-27,华东,C型设备,线下,2113,17,1344.23,768.77
2026-04-27,华南,A型设备,线上,2087,16,1284.15,802.85
2026-04-27,华南,B型设备,代理商,1982,15,1434.86,547.14
2026-04-27,华南,C型设备,代理商,2191,25,1704.26,486.74
2026-04-27,华北,A型设备,线下,2113,21,1557.27,555.73
2026-04-27,华北,B型设备,线下,2374,19,1513.55,860.45
2026-04-27,华北,C型设备,线下,2274,20,1532.67,741.33
2026-04-27,西南,A型设备,线上,2194,17,1658.78,535.22
2026-04-27,西南,B型设备,代理商,2419,24,1807.36,611.64
2026-04-27,西南,C型设备,代理商,2623,30,1921.42,701.58
2026-04-28,华东,A型设备,线下,1985,16,1306.43,678.57
2026-04-28,华东,B型设备,线上,1951,15,1235.0,716.0
2026-04-28,华东,C型设备,线上,1983,20,1239.85,743.15
2026-04-28,华南,A型设备,代理商,1905,17,1209.88,695.12
2026-04-28,华南,B型设备,线上,2016,14,1452.44,563.56
2026-04-28,华南,C型设备,线下,2308,17,1434.57,873.43
2026-04-28,华北,A型设备,代理商,2225,18,1550.57,674.43
2026-04-28,华北,B型设备,代理商,2362,19,1787.85,574.15
2026-04-28,华北,C型设备,线上,2371,18,1616.67,754.33
2026-04-28,西南,A型设备,代理商,2479,15,1932.35,546.65
2026-04-28,西南,B型设备,线上,2297,16,1499.05,797.95
2026-04-28,西南,C型设备,代理商,2468,23,1475.71,992.29
2026-04-29,华东,A型设备,代理商,1943,20,1361.27,581.73
2026-04-29,华东,B型设备,线下,1865,13,1279.2,585.8
2026-04-29,华东,C型设备,线上,1950,20,1265.05,684.95
2026-04-29,华南,A型设备,代理商,1992,13,1228.92,763.08
2026-04-29,华南,B型设备,代理商,2170,23,1304.46,865.54
2026-04-29,华南,C型设备,代理商,2387,27,1433.09,953.91
2026-04-29,华北,A型设备,代理商,2259,22,1440.19,818.81
2026-04-29,华北,B型设备,线下,2167,16,1292.39,874.61
2026-04-29,华北,C型设备,线上,2386,16,1714.12,671.88
2026-04-29,西南,A型设备,线上,2429,16,1756.17,672.83
2026-04-29,西南,B型设备,代理商,2341,14,1802.65,538.35
2026-04-29,西南,C型设备,代理商,2442,23,1352.96,1089.04
2026-04-30,华东,A型设备,线下,2046,21,1533.98,512.02
2026-04-30,华东,B型设备,线上,1881,21,1124.27,756.73
2026-04-30,华东,C型设备,线上,2201,20,1469.13,731.87
2026-04-30,华南,A型设备,代理商,2190,20,1276.87,913.13
2026-04-30,华南,B型设备,代理商,2218,26,1436.12,781.88
2026-04-30,华南,C型设备,线下,2216,14,1359.48,856.52
2026-04-30,华北,A型设备,线上,2154,14,1496.06,657.94
2026-04-30,华北,B型设备,代理商,2181,27,1602.2,578.8
2026-04-30,华北,C型设备,线上,2308,20,1555.29,752.71
2026-04-30,西南,A型设备,线上,2448,24,1477.11,970.89
2026-04-30,西南,B型设备,线上,2377,15,1701.82,675.18
2026-04-30,西南,C型设备,线下,2600,16,1854.92,745.08
